category	public_file	album_index	sha256	year	series
nature	extra-0082.webp	extra-8	2e9a3444f2bb9add5964d254e2384e298623b56f6c335d2d9b93e2cc71be57a0	unknown	Ёпта
nature	extra-0083.webp	extra-9	88fbd3a9631bdd9d5097af8c94954329ba741d5c4a154f66289168cf06f054be	unknown	Без названия
nature	extra-0084.webp	extra-10	da3b4808d149bd2a7f209f114dd3b06d16c99e20dbf484edc91b5ea915fe6478	unknown	Без названия(1)
nature	extra-0085.webp	extra-11	433cd40b0bb836b185a12c05cd826cf7e695104d338d22a03ee140a10fcb9a83	unknown	Без названия(1)
nature	extra-0086.webp	extra-17	31c55dea4d4892ab4f6fb1df6176d48b26a0e5359e0ea24d525f9e2037fd2792	unknown	Без названия(1)
nature	extra-0087.webp	extra-18	8a7e780c14e4015fa5d85830c177fd7bb1f1f696c83b55753e1669c23c337ec0	unknown	Без названия(1)
nature	extra-0088.webp	extra-19	d146531d6b19934511015acd59f67a8f0ebc56a774d1dcae2fb746016c8a4927	unknown	Без названия(1)
nature	extra-0089.webp	extra-20	954c1ecfb2f7a994a6ed83f98194ea9676cbfa1119796bcca5f14cadb4de65b2	unknown	Без названия(1)
nature	extra-0090.webp	extra-21	bb19e19a256547ee862d1daf53a0fd74b321a6a92d1982924bfdc69274c74099	unknown	Без названия(1)
nature	extra-0091.webp	extra-22	fd4e0aeeb737e43ef32a707612ec52975b3272dbc4cf970dc2d0e15b06a748ee	unknown	Без названия(1)
nature	extra-0092.webp	extra-23	90bc17100dc35ddafb4716858989d4e82bf44b11a00109a417d0ec5f567a89cc	unknown	Без названия(1)
nature	extra-0093.webp	extra-24	7d63d4baf47218aac5f2be120702883e2a2120ba51b9d2db660b7179abc5ab8a	unknown	Без названия(1)
nature	extra-0094.webp	extra-25	aff357b3b876d044408a9927f99f888f3b85f96c82d207874c590dbab37cfdcb	unknown	Без названия(1)
nature	extra-0095.webp	extra-26	464b507a131ac958a99416c6c09e33383ec12f62c8ffd97d672b544573b12a77	unknown	Без названия(1)
nature	extra-0096.webp	extra-27	1a1309c19ec7934d1e056c8647a11369db1889ac142765d9d31b16ef1a2083c6	unknown	Без названия(1)
nature	extra-0097.webp	extra-28	7a91c1426ccf256daecbc57fa126977c82f866720a7d7855430bc1e073eb41c9	unknown	Без названия(1)
nature	extra-0098.webp	extra-29	34d8322184364e4f3827a600a2ac03cc23523f42c22bb8095acd420d957a733d	unknown	Без названия(1)
nature	extra-0099.webp	extra-30	f643c72d40b6453ddf7b83ad95bbe4aab682325d6b308db96b957ef1c5435ab3	unknown	Без названия(1)
nature	extra-0100.webp	extra-31	a76046d441c4625e77032d52df4b6e52014417072787868154f4693fb6c240ac	unknown	Без названия(1)
nature	extra-0101.webp	extra-32	7539d409a98b75f40cab605afb18fad6af870b16d25b9b543200aa11a1a71e99	unknown	Без названия(1)
nature	extra-0102.webp	extra-33	cbae310720c8b340a2484af26f7b812344c596641b6c0397a463ff048587f490	unknown	Без названия(1)
nature	extra-0103.webp	extra-34	be508340bec29b3e62fc6213a045ed06ad1dc3e4e652c1847c956f7b956d4bf3	unknown	Без названия(1)
nature	extra-0104.webp	extra-35	ddb2a7f3baf4269b2bf631627b335f1d09ac047eefd9d745602bcab34710e094	unknown	Без названия(1)
nature	extra-0105.webp	extra-36	84b74999551f7c6454a551b0b4c871c64d3682ecd2527f15880a5c002a419625	unknown	Без названия(1)
nature	extra-0106.webp	extra-37	3b309b835484e9f8f8d1388ce2b15569cba6e0e29edb26c328a46cd7ba7fd6cf	unknown	Без названия(1)
nature	extra-0107.webp	extra-38	c6978cff2427310ba6cea6fe3ebcaeddc90bdee6719fd30b8d5de6a8d0cc52c6	unknown	Без названия(1)
nature	extra-0108.webp	extra-39	64ff2e0df41febf48c961f79d101aa68cf709ba113f440167dfbc6c26134d0aa	unknown	Без названия(1)
nature	extra-0109.webp	extra-40	ee04f7263e34d970ebcb1c8d8712853502d8f8ec6e140d8504371b32f15b277d	unknown	Без названия(1)
nature	extra-0110.webp	extra-41	acc0b8bed1133902cc55cbe34104b2fa6be91e5b71521da0c93b4c5c77932684	unknown	Без названия(1)
nature	extra-0111.webp	extra-42	f9dcfae8cdd7ce0351ba5928ad688840972841e26ad8ed7dd7d144673d2d5806	unknown	Без названия(1)
nature	extra-0112.webp	extra-43	7452d3768b05ee28f1bd437f91308a80b4446dd915b60a1a99fee5f15b710449	unknown	Без названия(1)
nature	extra-0113.webp	extra-44	59608f8732e1eb1b899642f8097ee13cf155a9a5d9e740180dd4efa91cfa74d2	unknown	Без названия(1)
nature	extra-0114.webp	extra-45	dcc6ed19529afb088a6c308d15da6f8060ab6d774c5705ad996554ecb360ef06	unknown	Без названия(1)
nature	extra-0115.webp	extra-46	bac9fd0baaabaf4b805215696ca537d8200b24a3a65badba520ef6a6cf850785	unknown	Без названия(1)
nature	extra-0116.webp	extra-47	38f0b3151e4b7cf21cb372b861896725cb5e78dc77c3ebba6ad16bda6689799e	unknown	Без названия(1)
nature	extra-0117.webp	extra-48	2b850e374849a4a8db45052853690145e45f346e90efa60267622af8454f73fa	unknown	Без названия(1)
nature	extra-0118.webp	extra-49	3e6e1950de42c0d8426bdebc0bdc1bdcaecf07b22e33effbdac5e8876cbe547f	unknown	Без названия(1)
nature	extra-0119.webp	extra-50	4eb74047749da11ba9ed0ed41c1efb1ac792836583984648e80e4ac016e13d7c	unknown	Без названия(1)
nature	extra-0120.webp	extra-51	e40b33737fa420fbfa669338f5fa6ba5792db18103a5e0093eee2a11a94adb00	unknown	Без названия(1)
nature	extra-0121.webp	extra-52	a596621acc1fae8ce9a417d7e15fae374fc44ea2519847c3a91141472258d395	unknown	Без названия(1)
nature	extra-0122.webp	extra-53	57fecbc4abd2e19b24c2483db85acf8285f7b30a34f7ef77236dd6c9b32e476a	unknown	Без названия(1)
nature	extra-0123.webp	extra-54	21d16d4d9c0c88a581a0b90937a82ffbd25e0ec29f74758672cb03643e314e12	unknown	Без названия(1)
nature	extra-0124.webp	extra-55	52a7ce36b18dde79a3014c7805631d38687ef0bf36c794b53f77ec602648b42c	unknown	Без названия(1)
nature	extra-0125.webp	extra-56	b6e9d832608eec9bdf1d0ebf72d6f2393572a082fa726d639928b3f737203cc8	unknown	Без названия(1)
nature	extra-0126.webp	extra-57	97164e6df0ef5cd1a6ac05a2aaa57203dbbb8f3676b2ae70e5113fd03bb14990	unknown	Без названия(1)
nature	extra-0127.webp	extra-58	675a0ee9b8f23e84b6448c80cc5eea83b0dab1dd5e25acff0ff8e98aeae4f1cc	unknown	Без названия(1)
nature	extra-0128.webp	extra-59	0a33f35a538aa8078d0caf9c2c3ce301876eabd805aa9dffe2075dfb43c84ef4	unknown	Без названия(1)
nature	extra-0129.webp	extra-60	aedfa57f36b03395222c6806dd1b44e319f701c250623e2433ff32b8d55e6fd4	unknown	Без названия(1)
nature	extra-0130.webp	extra-61	131ca3777bbcc8f34dc6875f70c789e1bed1998c28c812fd2342d95bed2dc386	unknown	Без названия(1)
nature	extra-0131.webp	extra-62	55eb944c4adb5f0b06aae717bd892e2648181fa8374ef280ebada87ca5f6c3d4	unknown	Без названия(1)
nature	extra-0132.webp	extra-63	d84466d61b4d6f45687d62dc929583acdd91961540b03137f0e9fdcd3bc7cd03	unknown	Без названия(1)
nature	extra-0133.webp	extra-64	3b99e48c70e71471a28d3d1ce4244d35199f67a0204ac95aafa2229abe70b9fc	unknown	Без названия(1)
nature	extra-0134.webp	extra-65	da9b7cfb529bd8ea5dbc975b85a27b806c6a3bd9645a886859e59dd4e5665e4b	unknown	Без названия(1)
nature	extra-0135.webp	extra-66	d9f9ccc96b993931c43bcbd66f8b6bd083924c282167992d64f7713e5ef2b6ed	unknown	Без названия(1)
nature	extra-0136.webp	extra-67	4b5ca59d51112be4ad2e509efa302f1b3e095db1f9cffdc778aab81db7974e26	unknown	Без названия(1)
nature	extra-0137.webp	extra-68	970be5af059601753f89c0e4ea47846fd40a6d85f1dcff9d84f656afb4e40c68	unknown	Без названия(1)
nature	extra-0138.webp	extra-69	d59045da275efabb15b04bef97450107e11d1e89316237e9d4901bf19a5337eb	unknown	Без названия(1)
nature	extra-0139.webp	extra-70	8150c520635a0a1de090718edc9028dd98b228eb91bd1a42c4d2a8b1da14224f	unknown	Без названия(1)
nature	extra-0140.webp	extra-71	3aeb636f73db4927496c3d56b1cee8a0aedc0180327bc2294e415bb855a8df59	unknown	Без названия(1)
nature	extra-0141.webp	extra-72	d614bb23b8d0a0c98d6e9a70d730d15917e1416ace27ddf40bb5294283ceabea	unknown	Без названия(1)
nature	extra-0142.webp	extra-73	d49972d97ceee808ff8f03c87548f23b8d6eed63b3dc74ee0ef3f9cc990b0f54	unknown	Без названия(1)
nature	extra-0143.webp	extra-76	1e13c3a7111c67b310e0015c0d5225054aeb43e1c9fd5957a70a92d3a233c501	unknown	Без названия(1)
nature	extra-0144.webp	extra-77	911e88f5f416c0c6bcc7f7d9730a11d528c7e5c16c52de277bf9427b2bc7d32d	unknown	Без названия(1)
nature	extra-0145.webp	extra-78	816c7a2ba1a7536eb24a8e94ddadfbc69c7017b7ddf01b354e52dbaf4c678b1f	unknown	Без названия(1)
nature	extra-0146.webp	extra-79	b7b4189839f9624eb7c9381e55984205e1e72d69d97be8d5fd9660a7e0a1a816	unknown	Без названия(1)
nature	extra-0147.webp	extra-80	d3b9f50c09f49b39b719ce762c617e8063ad86271615742c50b3b06baa47c023	unknown	Без названия(1)
nature	extra-0148.webp	extra-81	f9468fa6c2b2b4dad75075fa31fb4224f0a1ea4fda9d76d913f193e0681c1a87	unknown	Без названия(1)
nature	extra-0149.webp	extra-82	f2fe151c52e752c60fbea6338a59102405fe0f060edd4ffcd93f00c3cefbea6b	unknown	Без названия(1)
nature	extra-0150.webp	extra-83	675d69856560e28c12a03025aa263118fb25ddfc549d3f246b2e61c8be48b9d3	unknown	Без названия(1)
nature	extra-0151.webp	extra-84	4c25f66a82ef27a3098f9d3c050345f5a04326dc8dfa81bb88afc3eaa4ec167a	unknown	Без названия(1)
nature	extra-0152.webp	extra-85	69535316536ebe792de08fd64090faeef9b5546e82882553bdad9f54248b99c1	unknown	Без названия(1)
nature	extra-0153.webp	extra-86	32f80fcebf5adb76c486b27f1d0b54e33d893dbd42b8f0a71f95aa51b4846011	unknown	Без названия(1)
nature	extra-0154.webp	extra-87	b4dc91a3db5c3f0511f657579a240c32cb409b08411152e262d3f67e685ab577	unknown	Без названия(1)
nature	extra-0155.webp	extra-88	3e78b0f8c85f5dce1090fa58e0f835f4807f320432eff99fcbb59d07e7ab6a08	unknown	Без названия(1)
nature	extra-0156.webp	extra-89	580f49ea9a1e9698ab2cc750f0ab8c5a7a3101e381a7f0730ed7285341894d65	unknown	Без названия(1)
nature	extra-0157.webp	extra-90	c5f4befa5cc2452faed54ceb08addfebcd72faf06a5c53d399faa83219900600	unknown	Без названия(1)
nature	extra-0158.webp	extra-91	ef6270c53d51af17a30ed87780edce601a8e1b1311c65fd3b1feeb32978b5f8f	unknown	Без названия(1)
nature	extra-0159.webp	extra-92	b3a52ca6022fef12c35a9c804f618ff6a040755d1d89609cac912645ce618417	unknown	Без названия(1)
nature	extra-0160.webp	extra-93	0ccdcf16667e377e6e510028ad14cb02739f0d9a9d076eebc58948d32049da65	unknown	Без названия(1)
nature	extra-0161.webp	extra-94	2a509c02947ed0f4a131f80df8a1f2f77441a4797446f17478aa6aa53b089ccc	unknown	Без названия(1)
nature	extra-0162.webp	extra-95	b50c90c1d5d01e80041d6f2f993ecbd03b8f2318b09038c0e2b1644e33fb0c0b	unknown	Без названия(1)
nature	extra-0163.webp	extra-96	44e2a25879b34b315ef6a1cd926383004fb17a2b3a54e0baf6ea3c6263fe3cfb	unknown	Без названия(1)
nature	extra-0164.webp	extra-97	49ca97efe7326c6d66778a4e9d37932c67992a43001216d25a5470b31e364b6a	unknown	Без названия(1)
nature	extra-0165.webp	extra-98	14a367cd3eea188d6ddd3b815fec91666303c441fcf5e6e105818b342a5b383f	unknown	Без названия(1)
nature	extra-0166.webp	extra-99	0e0785de37227b16151ab180f1dbd085b4ad1e519b603216095df4dbb5b50e8b	unknown	Без названия(1)
nature	extra-0167.webp	extra-100	e259694f79e9ac1f7d94270f4bdae84a52c46111af9552ec6b5213db6d168b20	unknown	Без названия(1)
nature	extra-0168.webp	extra-101	62fbeec2e8b84d04a02d28ffa703d8e0309b81d4a7e663908e78b0daedd74f38	unknown	Без названия(1)
nature	extra-0169.webp	extra-102	a2b2e8b3554292994cb6ac9ecdd71d17dd2be920f80cab5e2b7f4df9cfbb4521	unknown	Без названия(1)
nature	extra-0170.webp	extra-103	a1f703713d26f5a378a1cbb0ccdf001ad3ade1178bd9a038b06582b0cd4d4b7a	unknown	Без названия(1)
nature	extra-0171.webp	extra-104	323f18de98a125ee380fdd05b28be78353a0b6896691db9c8b287006d3259cc3	unknown	Без названия(1)
nature	extra-0172.webp	extra-105	1c390e74787b29ed59907e536d303750a252cb0f93384f93cfefae2be59cb2c7	unknown	Без названия(1)
nature	extra-0173.webp	extra-106	9dc93744507acb04d7639f2fcab520c6b1c9e452da81d99113fdc2dbec52dc2b	unknown	Без названия(1)
nature	extra-0174.webp	extra-107	e884f38a9a8fe30820506540ac716927cec81cfdc581fdb0370b6a1c0482e357	unknown	Без названия(1)
nature	extra-0175.webp	extra-108	30c7c67883d261ad44c76fc74c5240252b6a12554699efdee73ca1907aefd3af	unknown	Без названия(1)
nature	extra-0176.webp	extra-109	54aa36df715c046a8cbfe512a0318a96be822a11e3764f0fa635a71aab846052	unknown	Без названия(1)
nature	extra-0177.webp	extra-110	62c8cc304481badf00f31a56a6ab58b67baad45d658c874c8737d11cedf0a0c7	unknown	Без названия(1)
nature	extra-0178.webp	extra-111	e5f858abe9805613b964b3e72a01a5c0dcad08c700065b1b71c5191c69dc8a72	unknown	Без названия(1)
nature	extra-0179.webp	extra-112	f621431ff65bf112bf9841385aa122d8a8179086415944f1e7f92bf57851386c	unknown	Без названия(1)
nature	extra-0180.webp	extra-113	f7e8de04eb7c3207b56ff7d8dd481d81329cd249308d149a51e4bd86c1a83efd	unknown	Без названия(1)
nature	extra-0181.webp	extra-114	3e3845aca982981d2a7644b9e1ab72195f0fb66cf001833f394cac5a2374ca66	unknown	Без названия(1)
nature	extra-0182.webp	extra-115	82903113cf19c652c43f2fea2ab94bfc9d949b21522dc69166c17dea947347cd	unknown	Без названия(1)
nature	extra-0183.webp	extra-116	8e864f881fbe9f7d2052f780b685ce8e3ccf2ae72ffc274caad4bef4dc24939e	unknown	Без названия(1)
nature	extra-0184.webp	extra-117	3a6127009bcbd7447175d9691e6adf589c34c55e8e1ca19f63e00342e069b598	unknown	Без названия(1)
nature	extra-0185.webp	extra-118	8b5f355ece7e543087db11b0c037cb7c85c66369bc07e318e2977cd8e513ff33	unknown	Без названия(1)
nature	extra-0186.webp	extra-119	ecd66b28aa62ea9e3c6e1389dc2ebb6f73b55300b835343e8932a146bf8852a5	unknown	Без названия(1)
nature	extra-0187.webp	extra-120	69e076c147dc21c2900fda19be78ff6a3adc0194edcb6cdeddb4aaa5c8728526	unknown	Без названия(1)
nature	extra-0188.webp	extra-121	adde350015371ee3a1b3c8a77fd3abbe02a8805ec446b3dfbf1b574e3d47d4e3	unknown	Без названия(1)
nature	extra-0189.webp	extra-122	ac847063eda14b5f401dfac4a3429880a07fa7e20a0bcf6ff429260b8bbb0aa7	unknown	Без названия(1)
nature	extra-0190.webp	extra-123	b2d81fa86b7f84f5addb90176801160b0b7e92b778c5da287ab093a79db5fd50	unknown	Без названия(1)
nature	extra-0191.webp	extra-124	001f7c858cb055596178b103269f4934660f590f8286511062d2fd0f39b59051	unknown	Без названия(1)
nature	extra-0192.webp	extra-125	39f6628b5b7cdf9b8f2aeb764eef24671b07763f95d394497bb5c8312d509b23	unknown	Без названия(1)
nature	extra-0193.webp	extra-126	456284c3f81be74da1746da9163b40bd4ff930ef4bdd6b7c8289f0588283066d	unknown	Без названия(1)
nature	extra-0194.webp	extra-127	d6449eaafd2e1fd991ad043240073ee46c6f8168be7ee587fb4cd9834be7f8ab	unknown	Без названия(1)
nature	extra-0195.webp	extra-128	e29f8f3466a1cb85778d82912516dea997d506275d9af49f328dff2b045c9863	unknown	Без названия(1)
nature	extra-0196.webp	extra-129	b5af4bd5a34cbfa541b281de964782fde4e22954b9017f9dac1b13207691e811	unknown	Без названия(1)
nature	extra-0197.webp	extra-130	4652aa4320aafff7839d3317d56e84defa7b2e83e95a06ffea0ba44abff959a2	unknown	Без названия(1)
nature	extra-0198.webp	extra-131	d31ed0e8701cfde04a38a0cb119be6bddeb4dcce6d2309a5ce4269d7be8693ab	unknown	Без названия(1)
nature	extra-0199.webp	extra-132	0f6ed4c5dcb69f1228fa8669657ed475f01e67a0ffc3d7a0e98d1de3ab978f64	unknown	Без названия(1)
nature	extra-0200.webp	extra-133	df63cd3a06c2c5c5cb3844a57e2758ccfa9e4936ec9fdf3ba854ed48376dc1d4	unknown	Без названия(1)
nature	extra-0201.webp	extra-134	84a36cd8aecdd7949d748b20a001a2fea525ad73e1f7e2d8773525cb99a037ad	unknown	Без названия(1)
nature	extra-0202.webp	extra-135	e20f9d1ba4b8696cd659c1a10479cde3c65aeea63faaf7b36bc6122b0ae3cc09	unknown	Без названия(1)
nature	extra-0203.webp	extra-136	1c144535f9d5c02decd084278b5a02706462edf7276ee8983dd2176fe908e14e	unknown	Без названия(1)
nature	extra-0204.webp	extra-137	3f7cd6312590e5fb07891b1578b06b27329561254ff44be7374d5f4235890d04	unknown	Без названия(1)
nature	extra-0205.webp	extra-138	8b6c5c4580caf6aa9a4adcc7a2bbdbe9688dd37d14dbd96530bb73ad401a5aad	unknown	Без названия(1)
nature	extra-0206.webp	extra-139	63d2564fa29b8dd7a29042c6e6828c9417a2b97661975d9247be8d73b068a0fb	unknown	Без названия(1)
nature	extra-0207.webp	extra-140	8ca0c764785ed1cd11acb52a75f3bb5154684e285db22eb2565c1a71a17047c1	unknown	Без названия(1)
nature	extra-0208.webp	extra-141	4ca5a93a6101caeb283d0ca96a0b7d7243c2ba4b5030d03f27e948f51b228f52	unknown	Без названия(1)
nature	extra-0209.webp	extra-142	616115dcdf68e05c0cf023b4189db74a74bc3a42ca15971879a73cefed786bf1	unknown	Без названия(1)
nature	extra-0210.webp	extra-143	3666f218d580f90e59a8e52d375b125d38b12d433c6a116bf54df1d44f68f7b3	unknown	Без названия(1)
nature	extra-0211.webp	extra-144	df6be2eac805aacb2d3bce922e1511c4c5ac9259903007c810a148ca160eabf0	unknown	Без названия(1)
nature	extra-0212.webp	extra-145	b9e4cab37b25073f6c75dc4920b396f783be5c2150f25921b9d6f3684540790e	unknown	Без названия(1)
nature	extra-0213.webp	extra-146	77b23f8a75a8d9cb2bc83131e49a808c83812ce09ef3138709f983bc71165ca4	unknown	Без названия(1)
nature	extra-0214.webp	extra-147	889d7eb264ffaa99664765ac45c4843d7a6794fcba5537714be6c363a0956ad0	unknown	Без названия(1)
nature	extra-0215.webp	extra-148	1ce563a5c6842049be664ee627d1bad308fa1b9472c7f04ecaad741355573176	unknown	Без названия(1)
nature	extra-0216.webp	extra-149	12c9648c46222599ab2d9819b6cbbd425875a212fcebd639651ba8059990548a	unknown	Без названия(1)
nature	extra-0217.webp	extra-150	5c79ccef13af3b3871e37e3661af6b3208c3c8bdbb44f69535e3f5e02f74abe4	unknown	Без названия(1)
nature	extra-0218.webp	extra-151	218def84d2d42582ca9ac4868ef4cb34245222c069af19d5fea88fcb63fa9c06	unknown	Без названия(1)
nature	extra-0219.webp	extra-152	4c6107d043b69ec390d9f96a009f254e0db20b731eca3b7616ce03071424fada	unknown	Без названия(1)
nature	extra-0220.webp	extra-153	9002992b7da8e4044ca06d9f5b9da60a997f9c8f98dd45c3c17a19caec0e1e11	unknown	Без названия(1)
nature	extra-0221.webp	extra-154	d421efe91010f07c89e35289c2f35b18649aa275477ef202056926e0f843efb7	unknown	Без названия(1)
nature	extra-0222.webp	extra-155	f31cb2496ba872119bbcdcda9f8c1ba7efffb8c3e9e693e14e2a53759b977da9	unknown	Без названия(1)
nature	extra-0223.webp	extra-156	beb1d10fba4c3c7cb1d4a15e581ac2a7162f0ba917caad442a1a88ac62ab81af	unknown	Без названия(1)
nature	extra-0224.webp	extra-157	7e968742cf1d0904a6de51d2a005ca2aa502b93698bd943ebf6fb595433e61d2	unknown	Без названия(1)
nature	extra-0225.webp	extra-158	7f8927a6864e25b348034bd192b8354e43ec3de99c8356f12bcf6c8d9ff9f61c	unknown	Без названия(1)
nature	extra-0226.webp	extra-159	b54310e53e38772213ae178dec429f35d9b2c478622be71f29bf4b63348ef52c	unknown	Без названия(1)
nature	extra-0227.webp	extra-160	548be0d8074cab3c8c103746b057b0de0c3599230087a7ecf17e6492dbbb3607	unknown	Без названия(1)
nature	extra-0228.webp	extra-161	0b86b26631d978c4f9b758dfd1ac050490ac2da4d036f2f98cb6ed6c87e18a6e	unknown	Без названия(1)
nature	extra-0229.webp	extra-162	89f7f210987242525b58bdb66428d64514cbef30849981802ebd9d411bc7d13f	unknown	Без названия(1)
nature	extra-0230.webp	extra-163	b4d8d91ff092b11617554c82026667eb1bdba3c0a9aad48e041a3e27cb771af2	unknown	Без названия(1)
nature	extra-0231.webp	extra-164	bd8c5f2176e854085b9dd02dcf98f1f19c9aa84b0793baecb3280603c13739fd	unknown	Без названия(1)
nature	extra-0232.webp	extra-165	d84ef0902c27c406c741eb8b7ac6f73aa2136911ae4204c24c49e8b048dddf7e	unknown	Без названия(1)
nature	extra-0233.webp	extra-166	d189312b7cba010238e9cff1666f6a902256f63f65e9621b21c8422d7e916830	unknown	Без названия(1)
nature	extra-0234.webp	extra-167	1f9f46f45b4b32f547a53b08282b54a7537149eb98246dd4a298387c5b84dfff	unknown	Без названия(1)
nature	extra-0235.webp	extra-168	9cc98395d06fff1273356548a29430fd70a0d9ca132a86d9dac8d06ac6a89d95	unknown	Без названия(1)
nature	extra-0236.webp	extra-169	e968fe5b552e7c0347109d741f0900813ce796f73d128ae8b204f19dc38689fb	unknown	Без названия(1)
nature	extra-0237.webp	extra-170	241028022895dcb5439350b9e4357c780add4cd57e6a23693cd8a9735356ad11	unknown	Без названия(1)
nature	extra-0238.webp	extra-171	603e36d50f6dfce064c26ef646e536222e26b689b7a667cd5c4af91f05142d9f	unknown	Без названия(1)
nature	extra-0239.webp	extra-172	6ea0c5c27dc175cf739ae8344143872ff5840688de2c8703421fc5a6fbd06d6b	unknown	Без названия(1)
nature	extra-0240.webp	extra-173	b275c233e712b5ead3c282a6fc95a75bdaf38f51faebb2c706f208d6e99d6738	unknown	Без названия(1)
nature	extra-0241.webp	extra-174	2575a3d9dbca48553ecba62535eae4844ebaca5cdf74b49772d8a08c514be2ab	unknown	Без названия(1)
nature	extra-0242.webp	extra-175	4cff19dfbd400a0f5468f01542ede30d8608e6bb6601737dbfbcee42ddf76676	unknown	Без названия(1)
nature	extra-0243.webp	extra-176	df3d8bfbefd478d4778764271578190d70001ad108e9546698d384deec9bb24f	unknown	Без названия(1)
nature	extra-0244.webp	extra-177	ae02fbc0e6d4904c11f7e130204fce89fb6c7e6299b2abf1866a5247240cff29	unknown	Без названия(1)
nature	extra-0245.webp	extra-178	f997183b3bdf3ad1d15fe542a8e83e6682f7b9d3d14ec76783658c0ff7e4ba4c	unknown	Без названия(1)
nature	extra-0246.webp	extra-179	f1f66d4e4ec9e95fd3ee1d9b0b624a275829b1b2b409eac728ae3d01a3087b85	unknown	Без названия(1)
nature	extra-0247.webp	extra-180	c6daeb420f42a06195fdb9573f610124bf766a20bdd2bd1fa0d1e88c796d33b9	unknown	Без названия(1)
nature	extra-0248.webp	extra-183	dd909d8a14bf8952df8a2ef93787bf2d3aca71ba3e690dfa3c562701a81677d5	unknown	Без названия(1)
nature	extra-0249.webp	extra-184	b19d6b56ce57673dc8146ca6b63ae0ae5ea6d6a2421f6277ea6b33b8b8b70123	unknown	Без названия(1)
nature	extra-0250.webp	extra-185	1207f2151d7f9a10a8d324ecc4080917e519697fcc4def741c66a19fd23f1abb	unknown	Без названия(1)
nature	extra-0251.webp	extra-186	2c917b20489b8348577ea6341c363e915ce8f3bc73cb59bb6edd67725b09ee10	unknown	Без названия(1)
nature	extra-0252.webp	extra-187	342350784b4fb2ecfd2cddb4ff16f284c55bccb4f45ce86bd8d91d8a7ffc2195	unknown	Без названия(1)
nature	extra-0253.webp	extra-188	e12e1ec990928e26d0a494ab3b6e2e45aa6d6f6fe3bf824c56f874469eeaa849	unknown	Без названия(1)
nature	extra-0254.webp	extra-189	0c71d90e6419ad36b651f18c855863dc20f6958f0b60c68f6dc10485a43e6eaf	unknown	Без названия(1)
nature	extra-0255.webp	extra-190	edd92b2bbbfd358e22cc19581ca11ebe13e21d0b53401263d1ce29939647c8f6	unknown	Без названия(1)
nature	extra-0256.webp	extra-191	4bff4b67603ecba24124e538403189d27690afbe0be756ff7702ca7d2eee30ef	unknown	Без названия(1)
nature	extra-0257.webp	extra-192	2d95af7cc98a6669f3b6ea8dbd9f16f2e4ce50541bb86a5b375ade6174825c92	unknown	Без названия(1)
nature	extra-0258.webp	extra-193	d29c50d58b4b6c9024352fa9b7f8ea43be35d007e25689706f5d41d9e0dbeb6f	unknown	Без названия(1)
nature	extra-0259.webp	extra-194	92f5004b2cfc30d58b78180d841063df3a90b766fe3d9b796d699a2d7e8cca10	unknown	Без названия(1)
nature	extra-0260.webp	extra-195	2bddf665de70668297f07358b6288b6355d5ef1b58c11c51f38c1e143a89cbdc	unknown	Без названия(1)
nature	extra-0261.webp	extra-196	55c10ec95b808e1e754552039ae47ff6bc4079fbdeb1b19721dee94800e92732	unknown	Без названия(1)
nature	extra-0262.webp	extra-197	3056fd9536f360b8d833add483a8d1afbfca9273d06aba1f305ac5bcd5458de2	unknown	Без названия(1)
nature	extra-0263.webp	extra-208	6161c3a3cab7cfeb363aa26020b39a5ae579c175074d8e618247824ab0617772	unknown	Без названия(3)
nature	extra-0264.webp	extra-209	fffa81719fd5202aa6088e64f326552d617afc79552ac571fb17412278efec28	unknown	Без названия(4)
nature	extra-0265.webp	extra-210	fe1e07a55dd693d0a39df0f313f35f2c5bf8de358c7248a6ae9e4d8d49e1b784	unknown	Без названия(5)
nature	extra-0266.webp	extra-211	a7d778c6bed8820ee4dc05037a1d4f5000c286def43f23c51fcaa20d26000339	unknown	Без названия(5)
nature	extra-0267.webp	extra-212	5a8e6d4ee4f81f5060ea4ad79eb8b07dc253f1207c9989cad9e149b14c3fa065	unknown	Без названия(5)
nature	extra-0268.webp	extra-213	1e396313025eddd2b375d73b69d2f63a099c679ceb749a8962bbd40722e01a45	unknown	Без названия(5)
nature	extra-0269.webp	extra-214	d55cdd8e8750837666998912f345e5dfaf86ccb8ce8d35d3e8af74e6b6ec6c16	unknown	Без названия(5)
nature	extra-0270.webp	extra-215	50100c94cb54568018414a24bdf9730d9596d8dbc2eae1e34537b2a947029164	unknown	Без названия(5)
nature	extra-0271.webp	extra-397	40718d2bfda44aefa4d3210f80ec964b2b67e96ea6b9ab5ddd7e8d53e3a26b65	2019	Фото 2019 г.
nature	extra-0272.webp	extra-399	535104a29ac437f82dc6e7ed60c28d39feebdbe09c8b86906062c80be91dc3a0	2019	Фото 2019 г.
nature	extra-0273.webp	extra-401	de35ace4ecc880a8c9e840a516e0e901039426622ea8fedde11fc7377f79be74	2019	Фото 2019 г.
nature	extra-0274.webp	extra-402	5d8fdcc25af6fb1da3fc2ad442fa4695316876b5c41f72eb3f10ccd9f9833dae	2019	Фото 2019 г.
nature	extra-0275.webp	extra-404	0b02c3161c3f4fc54a0698788b5e40a339182b84b519e8d3091af3f89d322cd6	2019	Фото 2019 г.
nature	extra-0276.webp	extra-405	f33ae392ac5eb40e3a75c8e7afccb3e22fcd403f66ffdeebf2937779504fcecf	2019	Фото 2019 г.
nature	extra-0277.webp	extra-406	948e6daf5f01a8daecc6ee68415b5c0278b4cdc4760df8cb50c273d883e6920c	2019	Фото 2019 г.
nature	extra-0278.webp	extra-407	5e637cfac994b04abf67d777a9ea913eb02cba1b904ce118935e45fd6a12da07	2019	Фото 2019 г.
nature	extra-0279.webp	extra-408	841c2499966523b8a399e9012f1a5055475d8fc6502d5b3be7bfe3678ea5e2dd	2019	Фото 2019 г.
nature	extra-0280.webp	extra-409	7b8a832019e5419605759bae2901423dad19d4c79b6415b0f62fa7f247237f5f	2019	Фото 2019 г.
nature	extra-0281.webp	extra-410	d22fd93b010b4d19330e33ea5ca12941e1db414bffe6e11ca32129289451e671	2019	Фото 2019 г.
nature	extra-0282.webp	extra-411	6046689a281e15ad085de60c2fada3d90b9b98f42577122de155d65137d949e5	2020	Фото 2020 г.
nature	extra-0283.webp	extra-412	bf6ec48662738dc570d284f19381ff83a19023155a39620dcd3f3aaa112f1d40	2020	Фото 2020 г.
nature	extra-0284.webp	extra-413	a3b73cf468b3796e57c28c7d2b8a8d2834e8212e90a886c9a0f0b83c09515aee	2020	Фото 2020 г.
nature	extra-0285.webp	extra-414	19918f56231bfa05560a33c7368e771b492127695661028d6c86af1eb3787dc4	2020	Фото 2020 г.
nature	extra-0286.webp	extra-415	b495cd0e1e89f80108f5f628dccd7502b74a60fcdcf74933880be66f84add888	2020	Фото 2020 г.
nature	extra-0287.webp	extra-416	1275fee6494c37ebe3429f01ff89c5c524650579afd159160fc11f99d6f8d674	2020	Фото 2020 г.
nature	extra-0288.webp	extra-417	52d1f0b6a419772c024695f30474546841dfd843ab8509bf8b53d3747b34f5f1	2020	Фото 2020 г.
nature	extra-0289.webp	extra-419	8c2b3a7de12ec23ee6abee5d97cd17d515bb82c1a98fc60331aa3feab614b617	2020	Фото 2020 г.
nature	extra-0290.webp	extra-420	7fc6a75b33e31db33dc246e1454e84c419153cff8dcc1f56962480510872cbe4	2020	Фото 2020 г.
nature	extra-0291.webp	extra-421	4ebbd86a73e927afd321d0dab59e8abbda39546a2118ee3d0f8e714ef8716628	2020	Фото 2020 г.
nature	extra-0292.webp	extra-422	e53c363700ccacddd39aa2508a491ce2fc6cff56f084e040e9f5f5f9a990fceb	2020	Фото 2020 г.
nature	extra-0293.webp	extra-423	a0e53fd3c2c7ca5fc122716b13478c5c768042e59e26c970b31bee5d148e698e	2020	Фото 2020 г.
nature	extra-0294.webp	extra-424	a65d6a006bcf1c1e6b30ad6aacb5fb190ecbb4314d4eebcda9e4eb84a564a3d6	2020	Фото 2020 г.
nature	extra-0295.webp	extra-425	2e6d8d96d45e37f2e72ace86c065ffa64c3d28005a40b194b88367f2d0da5c8a	2020	Фото 2020 г.
nature	extra-0296.webp	extra-426	9a2e605d83168323f7915733565a0642545bbf0dce001f53a79493fa2a31eec1	2020	Фото 2020 г.
nature	extra-0297.webp	extra-427	1383219ab7b4fa3034321ca57bc8c148f7990f920ea1f187c47a0a7e24d22ac8	2020	Фото 2020 г.
nature	extra-0298.webp	extra-428	cd8b96c0f69a9cf9740fa3642a9377ac7f3cdff79cc56e8f1d53b6375b02799f	2020	Фото 2020 г.
nature	extra-0299.webp	extra-429	01497f1aa690b9966b83f6ea7709aa209e38decbc5e6badbf76ec6161723b7eb	2020	Фото 2020 г.
nature	extra-0300.webp	extra-430	2f13f0a58b9b59a47d2850b87ce54292cf38822477d015111af00d15cd096101	2020	Фото 2020 г.
nature	extra-0301.webp	extra-431	9a4e07bd8a22c06db8d50b6906fae9267ec7a8b0fe0f698c538d890d09bb8d99	2020	Фото 2020 г.
nature	extra-0302.webp	extra-432	902c58009d79a05008daea24631789c9bb9470f687ee6dcd6a192ab7754b7b17	2020	Фото 2020 г.
nature	extra-0303.webp	extra-433	7c159598c004f64e265804b81052b2e6359fab817b019d77f5e5a468d4c719ae	2020	Фото 2020 г.
nature	extra-0304.webp	extra-434	0868d5397f59647e69d54c4368f5229ae7d8d7c6ded5b4a3ffb3567f66352bd6	2020	Фото 2020 г.
nature	extra-0305.webp	extra-435	7a3515e114673e9a0e11a28c5ff18256fc02fd8668a7a9cb2c6a230cf916a243	2020	Фото 2020 г.
nature	extra-0306.webp	extra-436	4fa8b5f2fc24d169c159a5f27457e20a32d1255ff66e2f310b8b6df4e1cceefa	2020	Фото 2020 г.
nature	extra-0307.webp	extra-437	50d83c1c0c755876944e1e2aee812f74d69c80c8f2723ac054dfcb37293000d7	2020	Фото 2020 г.
nature	extra-0308.webp	extra-438	552ddbc16b7709555a356b9fe86fd54cee1ac0536a7b8204e25eb2be5ff5afb0	2020	Фото 2020 г.
nature	extra-0309.webp	extra-439	6d6b454f9e37dc941eebefb552c3ca29df98f9481ff4eec3c16a822a738b2e6b	2020	Фото 2020 г.
nature	extra-0310.webp	extra-440	4d0f68965a1484b2f81fcce69a14f525ef3499d8bb30f89c506be611be6e99fa	2020	Фото 2020 г.
nature	extra-0311.webp	extra-441	7cd397cf5e59378cce2fc97048a2927e05b42df9ac2d36948f45d7e3c0f275fe	2020	Фото 2020 г.
nature	extra-0312.webp	extra-442	c9047a8af6571e70165e1cac49f80fb236489c81b137efc7c315db4f9db0ce4c	2020	Фото 2020 г.
nature	extra-0313.webp	extra-443	7fa1b1bb5ca60fdeaff563289e5b962dde3d572c0b45f8c4860e761ec7b8cc7d	2020	Фото 2020 г.
nature	extra-0314.webp	extra-444	379663f000789b54615958102b96fc5fda0571d37a6e610407083da5a8274560	2020	Фото 2020 г.
nature	extra-0315.webp	extra-445	766413cb3c047db3d68867b9474db25297f762d39d5e3b7c56b961ff23c4bc3c	2020	Фото 2020 г.
nature	extra-0316.webp	extra-446	f5f0a64fbec2d3391840ffb1a8643893a0ba39cfea3bb9047f8e13a79dd7cf3c	2020	Фото 2020 г.
nature	extra-0317.webp	extra-447	b7ac42559f9a2445b209c56010d320ca6929cfafb4d1db5f6446c6e4c53070da	2020	Фото 2020 г.
nature	extra-0318.webp	extra-448	2fd779f8a4690ba6ed28231a86565650527dcd6ab365ca68f34b0e46ba645ea0	2020	Фото 2020 г.
nature	extra-0319.webp	extra-449	3946caa0feafa6d48063039fbd6a71a59e53318e46ae6326a025b955279bbf7d	2020	Фото 2020 г.
nature	extra-0320.webp	extra-450	7829c5c09361bc12e19be898dda43accb482f3aff1066444433ee576d5bd3dee	2020	Фото 2020 г.
nature	extra-0321.webp	extra-451	2b60a270c23345cd062252d90ab0c70f5e4011e34a5bb2d34099b974477b0c1c	2020	Фото 2020 г.
nature	extra-0322.webp	extra-452	912b171f3147c8cd0e6b01069c20e06e4a5db168f6ff9833126d4a517ecd47c8	2020	Фото 2020 г.
nature	extra-0323.webp	extra-453	29e8b6f1864039a2bf3428bf2b34523c0d67efcc2c9e7f675ad2a7c3412f982c	2020	Фото 2020 г.
nature	extra-0324.webp	extra-454	eb9674e33fa0eab0ec786bf5c09938560b6c0c4ebf7483b50079390359508cee	2020	Фото 2020 г.
nature	extra-0325.webp	extra-455	262ba7874cbb377c7cf58054d8e1c6dafd84b3912f775520beba63df8e3bed9b	2020	Фото 2020 г.
nature	extra-0326.webp	extra-456	f987cb77899baa52bca988b5e8f32f8530adae208ca0f14dd7379f01d6b26f82	2020	Фото 2020 г.
nature	extra-0327.webp	extra-457	a2954b058052c04da23443528231bdc6b8436d239319bbbb89c97266c18c2ae2	2020	Фото 2020 г.
nature	extra-0328.webp	extra-458	624e1f000b2afe189aa1c3a04a2a0836083bfb7a17f158baeb020855f8892d4d	2020	Фото 2020 г.
nature	extra-0329.webp	extra-459	8b1662000dffce83201ef95e15bd2ee5ff80978aadc5ae854f1af263953f8244	2020	Фото 2020 г.
nature	extra-0330.webp	extra-460	249f6bd980e1ef0d2b9b526efcb5bfc05d5982f251de535221d4c46f4ef0fd85	2020	Фото 2020 г.
nature	extra-0331.webp	extra-461	bbf24621345f00176d93cdc62c2563c8250ebf8bed7c73d0becd686b11a2dedb	2020	Фото 2020 г.
nature	extra-0332.webp	extra-462	b315f336b333a708222de6fbef3fd10d9a6e2615a10e90db8ce49b04f7c5d4b4	2020	Фото 2020 г.
nature	extra-0333.webp	extra-463	3244d373ed3e5226dbc3b1c623463906c28b7cf20a867ac11d55f0b17f1cc6b8	2020	Фото 2020 г.
nature	extra-0334.webp	extra-464	716d00eb0869af070cef9ecd59ed2270a5118f8b88b3345a4a6c92892f356bab	2020	Фото 2020 г.
nature	extra-0335.webp	extra-465	29dd8dbefea8d73b50c370c16df7081e1d721dd1f2e59c540d9ac67056241a6a	2020	Фото 2020 г.
nature	extra-0336.webp	extra-466	34b272dd35af7aabd63a3b95e3664bcc901864cf8881ff9d78c693ee42abfe55	2020	Фото 2020 г.
nature	extra-0337.webp	extra-467	fbdd7d4b21a6a9a524a0a18aac353914f2a2ec46c8b0c48322fe78f68f176c86	2020	Фото 2020 г.
nature	extra-0338.webp	extra-468	dedec17cb35b515df2d966f8ee4ac2b92f73bd43caf99beae1ef576c395cfb89	2020	Фото 2020 г.
nature	extra-0339.webp	extra-469	d641f48295fb768de6915f1aa20c5051f1f544e83facf4378369f74c3df6b7c1	2020	Фото 2020 г.
nature	extra-0340.webp	extra-470	183cad85a9e39c610517e962e7c642dda195a42cbc56ede08d26cce4a414dc1e	2020	Фото 2020 г.
nature	extra-0341.webp	extra-471	7df64e41948b37d25ebe16aa4ee0bcb06b51388a57b016a016591e06c09e1484	2020	Фото 2020 г.
nature	extra-0342.webp	extra-472	cd4f4d5da7fd7f299d7c5b13e9bbc18545131ebf3d50d68978ef0048eb2cee5b	2020	Фото 2020 г.
nature	extra-0343.webp	extra-473	9a0869302c51051b762d2f1796377c3131162ddd3e0ea83e0fb01a2b04430a2c	2020	Фото 2020 г.
nature	extra-0344.webp	extra-474	b77f453e61059b44400f7c581f3aa8fac2c77ceeba24a8709ac822afa1aff54c	2020	Фото 2020 г.
nature	extra-0345.webp	extra-475	59f3a33a42c3de19207183ef490d1cd0cb4938846a915fe0f5276ee2e20a64e7	2020	Фото 2020 г.
nature	extra-0346.webp	extra-476	125637830739cf00f4526ae0019ba16dcd7b3012ae573a85ffac92e3393108c5	2020	Фото 2020 г.
nature	extra-0347.webp	extra-477	6a435828f1eb8e57a8d8b1c0f68311cc12041b244bdafdb3bcdc7739c0c18d67	2020	Фото 2020 г.
nature	extra-0348.webp	extra-478	6b57a9bb2d8436136543a84cd50ca78cfb236dc1de9dca6a72dd11ced082fbf8	2020	Фото 2020 г.
nature	extra-0349.webp	extra-479	43c9736cdc9c2b0d0d021f1307d4b7ae542fac7bc22f8245da94b9b240229a15	2020	Фото 2020 г.
nature	extra-0350.webp	extra-480	afa9cb83e3e476095dea3c318b9762e49e52f9461495df4869cc9e5e1b86cf80	2020	Фото 2020 г.
nature	extra-0351.webp	extra-481	41d42014a9eec398bdb857adc8eb99abb5be5ce5fa8438091bd61e1940d92b0d	2020	Фото 2020 г.
nature	extra-0352.webp	extra-482	dd71468c4d3c5bb87ce6cfe76d70fe5365f692e9dec09639f83f22031f83572a	2020	Фото 2020 г.
nature	extra-0353.webp	extra-483	4aab5b20c0129e72e41f5408f0c4dee1df7187548be0699be5b5ebbe8f724e1b	2020	Фото 2020 г.
nature	extra-0354.webp	extra-484	4c2c65a5e548234179ddcfe81eb125964aa0af4acd36a8350b100c753176f73b	2020	Фото 2020 г.
nature	extra-0355.webp	extra-485	ade4dec665de0680daa7982c078ae860dd1e146df0a9a71cfb02b3d97b2d1c77	2020	Фото 2020 г.
nature	extra-0356.webp	extra-486	d1bcc03b046e7c60e0d75b3a0f8cd96f0d8050e5ae7fe44727bdff16e357cee8	2020	Фото 2020 г.
nature	extra-0357.webp	extra-487	ddc9e50feb3066a17dde1cfaaf6b39b5ed5c9fa7a034efb35e54b402bc1caee4	2020	Фото 2020 г.
nature	extra-0358.webp	extra-488	d7e2872fce58b9133b482f861b358d2ae6344109ff8494f0b7ffb8a0a8b26b1d	2020	Фото 2020 г.
nature	extra-0359.webp	extra-489	e7d313adfaba7277fb7409e4442f5d99d3b39056e513d1770fa4041f7c77cd4a	2020	Фото 2020 г.
nature	extra-0360.webp	extra-490	05dd831bcf96c6adfce93c9dcf7104115ddd64a049fcd9cf55c1fe795151220b	2020	Фото 2020 г.
nature	extra-0361.webp	extra-491	c9aa53a92db8b1abf40dd93b1ace323a48f280f575d19c7a35f2cc3986006478	2020	Фото 2020 г.
nature	extra-0362.webp	extra-492	85eaa2dfbb5c38d1d831fcfce1974b1a3278a70b94c4091c345967be1092a14c	2020	Фото 2020 г.
nature	extra-0363.webp	extra-493	92c364ccdd2000fc2a7f4140a1f062abcc801e6e581dee5c79ac4bf3b4064af0	2020	Фото 2020 г.
nature	extra-0364.webp	extra-494	6798a8838b15c05721061bb1dfdd464f1fec7b655224569c20661e60ceda8592	2020	Фото 2020 г.
nature	extra-0365.webp	extra-495	f5d80c50f800af0c87ce25c950785e79933e7c43c943847518efda5d02d94f91	2020	Фото 2020 г.
nature	extra-0366.webp	extra-496	515a5f3ee48cdde0123f59eac7d590eb6fa8bc20d700ed1cbb8bcfe2ed414883	2020	Фото 2020 г.
nature	extra-0367.webp	extra-497	fe6922aed5e8e2a65bb48b18d1b57ef5271a72af14e3a1ca6f0bc7ea702df62d	2020	Фото 2020 г.
nature	extra-0368.webp	extra-498	d7f748d7e32d55a189ce1531dc39d06670e13dd46abba57e5d9b51c566eb282a	2020	Фото 2020 г.
nature	extra-0369.webp	extra-499	f1ec978614575d564f7c9f22459ec68cf009630935a975e81225fb17074c5471	2020	Фото 2020 г.
nature	extra-0370.webp	extra-500	a6cb74efd72aabc8f5788b1a22f02ccbbb88ac9272adf21a68b9f8979a9d27c5	2020	Фото 2020 г.
nature	extra-0371.webp	extra-501	97375820e3f3c04e5b96a0df10e3938d09000c2cf3521b97b5a46a564babdc76	2020	Фото 2020 г.
nature	extra-0372.webp	extra-502	35f62e49056e98eee414b769cceb6c206da517e3688d07e932639ce38cd9e717	2020	Фото 2020 г.
nature	extra-0373.webp	extra-503	fe29e5aaa143866dfde1d9ff0f6aefe398dd47905caecf048a397e1140a59f06	2020	Фото 2020 г.
nature	extra-0374.webp	extra-504	262d4a03f572d46750dbc7c0ff2a048de944ffe5471dc0af0a781151be5a32f8	2020	Фото 2020 г.
nature	extra-0375.webp	extra-505	9254959e17e3b298a4dac48888a5f605338ab5cfc5c2c46e7b981171d4731b61	2020	Фото 2020 г.
nature	extra-0376.webp	extra-506	9ca576ce2d7444e0df73d0220e75f861827cd0dc2bf704f49fe65a12d2f419b1	2020	Фото 2020 г.
nature	extra-0377.webp	extra-507	f6a181c024bac7ada1e57284720efd8db41972367642f6f84f11ea855711ba7f	2020	Фото 2020 г.
nature	extra-0378.webp	extra-508	11c4e367e58c385bf9b838336ba4b8d73ac7ebea49651c9998c987b4cc572020	2020	Фото 2020 г.
nature	extra-0379.webp	extra-509	790f0a938d8a17116af8e20f1a697b5094f26521d14ef701bec3ec3f7dec15be	2020	Фото 2020 г.
nature	extra-0380.webp	extra-510	c9eeaf468440a72c5517456928cb431703fcd662d9eb50d4a0e6b4f80fe5dc3a	2020	Фото 2020 г.
nature	extra-0381.webp	extra-511	3d5adf588606b073ec7c75381814238a2d1a367b78256979537988e469f7ed6f	2020	Фото 2020 г.
nature	extra-0382.webp	extra-512	a3abc223fb9b37f241ec7a778c62c4e6e96c633caa7ffdae702fe26e410ad67e	2020	Фото 2020 г.
nature	extra-0383.webp	extra-513	9026a7c4944b2f021674ddb6b1d5bbfbeec909ebaf6dc506784ff9aeda1ec745	2020	Фото 2020 г.
nature	extra-0384.webp	extra-514	a7b1dff5d7be2f2e1c06ebe16db3709b1e6450467dc52a6d8ed8a0100f0135c4	2020	Фото 2020 г.
nature	extra-0385.webp	extra-515	919b37a4e3d73ad94ee8790506a7ee3b2375cf434a9f458e1a0677ffb83bda07	2020	Фото 2020 г.
nature	extra-0386.webp	extra-516	1a9a0393d65d4698a6cc2f0c98fc63120d82a45d46afaf2e5e6cc328cddaf3e5	2020	Фото 2020 г.
nature	extra-0387.webp	extra-517	e181dbcc3c7d1f4dc99f45d9466e1a995d88e3367e58fee599e36b0fd6779be2	2020	Фото 2020 г.
nature	extra-0388.webp	extra-518	6f24b8bc281b6a38101c6451bc49f084f7046126774f80940aaefcb5ab852e1a	2020	Фото 2020 г.
nature	extra-0389.webp	extra-519	eade99fb9a44d23a58a0cd3513ddce8d501496338efd10b42dc97a471cd88557	2020	Фото 2020 г.
nature	extra-0390.webp	extra-520	e36ba0e435f5081e4c1746f077225a4d46961d9b07889db8287b3f8c30aef07c	2020	Фото 2020 г.
nature	extra-0391.webp	extra-521	df79b359129a816e8674fc16fd8bff71b54f1ba31dd5936781b4dc13f2b78299	2020	Фото 2020 г.
nature	extra-0392.webp	extra-522	1f55099ea611cdf4dd0fe92c55464dcea97a9d14f6542ea91f4a6af988cfa340	2020	Фото 2020 г.
nature	extra-0393.webp	extra-523	b9b66b48dfa080b1efb1127bff669261d44ca67e9ad0252fd99f8ac30fbb4c04	2020	Фото 2020 г.
nature	extra-0394.webp	extra-524	ea4f804cabfba06ade5498def29cae6c12b84b12458926fb351090500acafbff	2020	Фото 2020 г.
nature	extra-0395.webp	extra-530	82d452e8bab116d3482d7ee1f133af0768a414e6d8841eb4775f9767f5c92dbb	2020	Фото 2020 г.
nature	extra-0396.webp	extra-531	ad5e8e0fbd5df1c31d55077421edac539d7133c4a58d6fbea7081b5be176d13e	2020	Фото 2020 г.
nature	extra-0397.webp	extra-532	53a1c4ba5bf1c781bdaba55d331665334b013156d9720c2af8d16e4ec5700c8b	2020	Фото 2020 г.
nature	extra-0398.webp	extra-533	6288645b08cf2a1931602072226781a536c99b65ea3b945d3481ced1e8c455b4	2020	Фото 2020 г.
nature	extra-0399.webp	extra-537	836f3494b4157b4aaa652bac957196d3b5abd1a9ab446e0ef0fc02cfedc9a8d6	2020	Фото 2020 г.
nature	extra-0400.webp	extra-538	3e7217880efccd1bfd5d00db0e5508e1f1844d1683df8fa739a41863b1a77d9e	2020	Фото 2020 г.
nature	extra-0401.webp	extra-539	cd824a2cbaeb0f407dbce7257895fc12a793b09e8bff5c468b9c3d20057928bd	2020	Фото 2020 г.
nature	extra-0402.webp	extra-540	3763532caf4dae1ed3b128ecf9990598babbe164538ee620c9253ad52a2680da	2020	Фото 2020 г.
nature	extra-0403.webp	extra-541	342c6da77dfbc91d7614658c19bdd983639f035ed7c724732dadeb4fe28dfe42	2020	Фото 2020 г.
nature	extra-0404.webp	extra-542	6819baabfba5abb3e091b4860ec51bcb018ce9afd4338f89a75992ee48f5a490	2020	Фото 2020 г.
nature	extra-0405.webp	extra-543	462aea339cdf5c1aca3f02f570064593b55e36f36967cf1d37e06e646a9a08cf	2020	Фото 2020 г.
nature	extra-0406.webp	extra-544	9cddd0c030125a362330e4e67097cc72344ae06af29e3d6df94da9ceec08ab8a	2020	Фото 2020 г.
nature	extra-0407.webp	extra-545	c09344af17fabab0337f29f69fb1c5086f00730d5d4c65a4665d31b39f1442ec	2020	Фото 2020 г.
nature	extra-0408.webp	extra-546	fc6dacb2f6506296feeda89ebba7510a042470e20ef5f21fdcaaa01d9977abb1	2020	Фото 2020 г.
nature	extra-0409.webp	extra-547	1844a92f3ff7ea35ed3488ba8136d393603ef849702080beeaa45b3b052b9a01	2020	Фото 2020 г.
nature	extra-0410.webp	extra-548	3fb879eb32702b6389c4777cb41fd3e9fa86c05d1c575eb8be57fa1899a68401	2020	Фото 2020 г.
nature	extra-0411.webp	extra-549	f91bcce14f5863676de4a0197f506d8bc5fd680c51c35b78bf8592237a68c134	2020	Фото 2020 г.
nature	extra-0412.webp	extra-550	eb00459dbafe24aebe70c0ae0dcd3ab6ae1820945db1c812f399f12a8e449713	2020	Фото 2020 г.
nature	extra-0413.webp	extra-551	cc13d8cb7ad93602f88e9aabbb88afc398fa63ffa1796f1258ea8c2203d4d8f8	2020	Фото 2020 г.
nature	extra-0414.webp	extra-552	a02be4c0b800529a0afb0bbe2b2f588f7258cd86f6c6abc47840370afc7524f8	2020	Фото 2020 г.
nature	extra-0415.webp	extra-553	3ef527d7f069fbc196e80b0c7f7121ca06f98a1c4d8021633e3d32d15cd9d49f	2020	Фото 2020 г.
nature	extra-0416.webp	extra-554	e3353f581526036a39c279119c39280ba97f5da419a09211133968c46355f14c	2020	Фото 2020 г.
nature	extra-0417.webp	extra-555	94be477c42e34fba258b7797f1756a608dba2e3c1462fe255f9cd98faacfdbae	2020	Фото 2020 г.
nature	extra-0418.webp	extra-556	18b4a1c75884e4068bb675c174848f5ff5b60495cc5c66a377810e5604791ca5	2020	Фото 2020 г.
nature	extra-0419.webp	extra-557	593bbcdf90966c16c4462b32a62a78a6aaa1b3bdc5ffb58ce25be870b819edfd	2020	Фото 2020 г.
nature	extra-0420.webp	extra-558	92629caac15b1832604e2436177f33b3fe6eb62a371402be0af64b69e874f95d	2020	Фото 2020 г.
nature	extra-0421.webp	extra-559	4051226960f01b6099ef0d96550edbf6ef7e7e504fd980b18ddbee7cc73dc752	2020	Фото 2020 г.
nature	extra-0422.webp	extra-560	5dfe4d986a66bff994f27427b17678ac75f100014d8fc65cf5d353f64881dae2	2020	Фото 2020 г.
nature	extra-0423.webp	extra-561	e86d9d485cec0c50f188f38bb8157baf819df0917f8f99dafbbcd03412dc9a74	2020	Фото 2020 г.
nature	extra-0424.webp	extra-562	a76eef41025bfcd758259b2356fe997e01e0d4b7d261fb98927546f8f7444c13	2020	Фото 2020 г.
nature	extra-0425.webp	extra-563	c7e25068563825053e6eb7823054d9549f3644778256126f3511600a0c67e97d	2020	Фото 2020 г.
nature	extra-0426.webp	extra-564	06f9a43f088689c3682783bd35ef63fc4ce9a4ecabb3e928018b92332a2ebc1b	2020	Фото 2020 г.
nature	extra-0427.webp	extra-565	3edb0894cc01a4f80c753557bddf3d33e1126f28da13d8297daa03df83d7e90a	2020	Фото 2020 г.
nature	extra-0428.webp	extra-566	b1725d4a4f95b022513dfe1e5af1f203a1cc67ba377aff721a6f790ed6b0015e	2020	Фото 2020 г.
nature	extra-0429.webp	extra-567	89619a5f9703c8d42545ce350457b5ce3cbb9f372aa730c868b3ee9bf3a4239e	2020	Фото 2020 г.
nature	extra-0430.webp	extra-568	2b0c2766612fd1d7944e323e8aa0e19c881baf73a2dfc6d35204d40e90355967	2020	Фото 2020 г.
nature	extra-0431.webp	extra-569	2b2d1728236b75f5d65fdb2640808f24cec86a369e1055ff3b692795ae672f0d	2020	Фото 2020 г.
nature	extra-0432.webp	extra-570	037aa31dc7ca61df655fc500cd77a48f887d759f616c9391c9de541ba312d051	2020	Фото 2020 г.
nature	extra-0433.webp	extra-571	7e7a917e159245e4848ba031e74a44a23a724dd58c6b19b876485fac48cd80da	2020	Фото 2020 г.
nature	extra-0434.webp	extra-572	b68733863a1f542ca4818dc1fb2f423e763ec72d4f957e332261ab8e69b5b4cc	2020	Фото 2020 г.
nature	extra-0435.webp	extra-573	b8573fbb7102cd7aa44bd450ae0c43bf581a68de32c5be72abf9f68b411728df	2020	Фото 2020 г.
nature	extra-0436.webp	extra-574	cd917d48468b06db391a084b94ba8bd491ba786360ab120acc9776e90ba1bda3	2020	Фото 2020 г.
nature	extra-0437.webp	extra-575	c8c0910dd8ca0799706e19007e294b3f50244336a3146fc0a60a4d6c1887bb56	2020	Фото 2020 г.
nature	extra-0438.webp	extra-576	fb5defcbb8d83a6b66a7acdb3cc3a3c68b00e33575ef0fd96e3301c407cd9612	2020	Фото 2020 г.
nature	extra-0439.webp	extra-577	244e4e0b621db67f4d4705cf7b93a0bdcb5454c5c05b3889809664bd18047955	2020	Фото 2020 г.
nature	extra-0440.webp	extra-578	aa94a7b3951404bbde8fcf57b95c26836d4dd3462423e40e13a89cf7a041f10e	2020	Фото 2020 г.
nature	extra-0441.webp	extra-579	295e2664fe2e80a76a2b9a5334cd25b4ade3e6ba16a9a86f49c3467ba08cc28c	2020	Фото 2020 г.
nature	extra-0442.webp	extra-580	62f0cb6e529d92c9dba31985a9b61162d23ef887fd6da8efb3924c5da319b281	2020	Фото 2020 г.
nature	extra-0443.webp	extra-581	29710518c84ae1a77550761f6176b5c4013f36385a1daaca1d660cac9bc4432d	2020	Фото 2020 г.
nature	extra-0444.webp	extra-582	70b057723904fa897921a6d89be723154623e15c7c6ed70956afb8a6a54877fb	2020	Фото 2020 г.
nature	extra-0445.webp	extra-603	b57f56b10db24fac6445d93cd7a58c4d77016134c70e32480ad9b8308eaf8ecf	2020	Фото 2020 г.
nature	extra-0446.webp	extra-604	c2a04d66edbdebc340548034c639d0f9f4cea9f24299a9405a3d06ca3cb1355a	2020	Фото 2020 г.
nature	extra-0447.webp	extra-605	0f8245add31f3bc804c9db3bf12f90aa4723bafac3ada5866f9ad4bc2677329d	2020	Фото 2020 г.
nature	extra-0448.webp	extra-606	a5df4d37f9ce28e4f6b37ff1deb7fecea75aca1efc1da287fd053c37040bcb50	2020	Фото 2020 г.
nature	extra-0449.webp	extra-607	53f1e34aaf4fc49ecfdbd7d444f65f54911127f5da35ace024416a426f52db8c	2020	Фото 2020 г.
nature	extra-0450.webp	extra-609	05786c04a3e23e7ddea0bac91412bc1ac53f1024da094bac0f3553bab183cc93	2020	Фото 2020 г.
nature	extra-0451.webp	extra-610	093d0f77fd0bfef13a601faa3a90069039ea04c73b1fad1eaaee9e062690ff9e	2020	Фото 2020 г.
nature	extra-0452.webp	extra-611	544cd0d60777431f7ca2468dae2cc5abfc6b778eef2e7e9f84c901b41a2aadad	2020	Фото 2020 г.
nature	extra-0453.webp	extra-612	ceae9e1b9f374fd0c5c7284a25c51171355f2a0680eabb3c1f1e01b85a6058f7	2020	Фото 2020 г.
nature	extra-0454.webp	extra-613	22da404f2e9bbb1573e5ccdfb44c1ebfcc02cb9889b1586ab622bcda65453280	2020	Фото 2020 г.
nature	extra-0455.webp	extra-614	b652075e728e8725bbd6d928cd7a26c7e24999864e21d9b3fdac73b5cddf6ff4	2020	Фото 2020 г.
nature	extra-0456.webp	extra-615	e512e21bd3e5fd6d92a5467771b5368552e1d47183a9e4b9b679b71593dc04c2	2020	Фото 2020 г.
nature	extra-0457.webp	extra-616	355d340f2db09abb7a9747776aa4a3ceb6c24e61918d1dec370b23241e1958a0	2020	Фото 2020 г.
nature	extra-0458.webp	extra-617	c40d07a54af7fe74a9540dec69d80d6c0dfa47fb21b3dad9404d097f2455a6ec	2020	Фото 2020 г.
nature	extra-0459.webp	extra-618	1b867d5b0dedff1ecf4110357d8e7d8fb7b7d3a8ee6ec91efb89bd06127bde1e	2020	Фото 2020 г.
nature	extra-0460.webp	extra-619	fcc03020c05cfa02d2ac72d954681be6c09e8566ac3ce7a34a397f12c23d5916	2020	Фото 2020 г.
nature	extra-0461.webp	extra-620	bfa3108f21a23632d45f440b5d8084002a5ab957bdf0cc0b8e49dc65f502b980	2020	Фото 2020 г.
nature	extra-0462.webp	extra-621	eab0e2eb743e13d36cd83898aa42623e71300c22bc219d5bf35cc4fd9b965112	2020	Фото 2020 г.
nature	extra-0463.webp	extra-622	a7fe938472fdc929e330f3490a9e1ad044ee2e3334a49602c90457458239cc26	2020	Фото 2020 г.
nature	extra-0464.webp	extra-623	380d649a8cc91763f137ccf6e9d343a153b219ef13793e7ecbdeb84a4ea3240e	2020	Фото 2020 г.
nature	extra-0465.webp	extra-624	34b8be58ff75f51a7139bc0966be4cf7f17f94cca7168cb0eca7a0e6f1e90629	2020	Фото 2020 г.
nature	extra-0466.webp	extra-625	3f7e677e27f32be9138520d6031756081fb66b2c1495daf4bdd52d8b551e615b	2020	Фото 2020 г.
nature	extra-0467.webp	extra-626	d232cc2a7d8a97a625b90d7994d6964cf2a102b6e946a5999a5a9632d52b3e2d	2020	Фото 2020 г.
nature	extra-0468.webp	extra-628	31e1af47fe1e6b58d54b809ecd008d376436ab2247a5d0ad2a3c6520a13903c4	2020	Фото 2020 г.
nature	extra-0469.webp	extra-630	439b3473fa5570e897bf3f64664d8b02b9dc7ba4ff2445b2120f838a1311bb27	2020	Фото 2020 г.
nature	extra-0470.webp	extra-631	332db79ab0fbf7b2da7115d5418e6dd81e99ecdd6732c7ba052fb270aeaf6e6c	2020	Фото 2020 г.
nature	extra-0471.webp	extra-632	a4461e92a9cf58e756d8dd22ed96361fbfb6b8216cd57606d8b2c803fac76a28	2020	Фото 2020 г.
nature	extra-0472.webp	extra-633	e0b448b7477aa42ef8dbfc02264eb38bc9b0c34e2b3bcf1566e18660e5765d2d	2020	Фото 2020 г.
nature	extra-0473.webp	extra-634	02bc69245c6ae04c9b5c53769ba75f9bfc32b474f10bd0636cc5a4224d7c2719	2020	Фото 2020 г.
nature	extra-0474.webp	extra-635	061828ab33adb2dbc30c13b357e7447c1e6eddbebb8acf7130ec13adcbede4a9	2020	Фото 2020 г.
nature	extra-0475.webp	extra-636	599ab0642932095ede4cfb17d0f859e6710c803a30e7cef2cc301fb010944dc9	2020	Фото 2020 г.
nature	extra-0476.webp	extra-637	f0617efd688d24939ed357eaa894725a284bdbf242a8a1c366a6f0594c9c44c8	2020	Фото 2020 г.
nature	extra-0477.webp	extra-638	ff15d8aba2c42c623a73613ad767f2a1e799ffa0a0a417555b8eb72202f480aa	2020	Фото 2020 г.
nature	extra-0478.webp	extra-639	061243e239b516520bc18a1cf3b9cb5f9c0c7aec6f29289ce69943e3e6850d41	2020	Фото 2020 г.
nature	extra-0479.webp	extra-640	b783c2bd7964636bba4697ae4fa4c4f776edf5ec3c534b38ae3245892fa130f6	2020	Фото 2020 г.
nature	extra-0480.webp	extra-641	1f7918e57d147516d12b8320cc0c8bd5465e2bf714140aca581d94e6b630c52b	2020	Фото 2020 г.
nature	extra-0481.webp	extra-642	05670c68d854ff7da9ef7ada7b0ce0c1499c804af6cf06bf123409ecb4ec480a	2020	Фото 2020 г.
nature	extra-0482.webp	extra-643	ec8a95f267199cb5b1e444c5795818fe040d95987144bc6ed947d48db665c5bf	2020	Фото 2020 г.
nature	extra-0483.webp	extra-644	396141efe153784059202b3b87562be34217911679ca6ad215b3dfc5bd549c36	2020	Фото 2020 г.
nature	extra-0484.webp	extra-645	d1f5f786ce31d25519b7d49daa1ff3d8e000cd5937169eeed12f85d1308d714a	2020	Фото 2020 г.
nature	extra-0485.webp	extra-646	6d1c1a644b7ec4dae7925caae83d5c1fab32e3af1cf9e7e465e995db32310b81	2020	Фото 2020 г.
nature	extra-0486.webp	extra-647	5709017a0dcb3a71619d1c79b867803287b2c8ab7f91371be0dca1616ab86c32	2020	Фото 2020 г.
nature	extra-0487.webp	extra-648	79daa316b7d4ce2223ef16f281f3ce483716b742595a74d4487da3b6ecdbcd4c	2020	Фото 2020 г.
nature	extra-0488.webp	extra-650	2ffe5bc31b25f2070d4cf47a797179955fb0bd8469856a7186f75f044da3bc17	2020	Фото 2020 г.
nature	extra-0489.webp	extra-652	a0b2b3ef1cbea4859452b9784f5be80df24f102f2ab5c27c24d8824579aabeca	2020	Фото 2020 г.
nature	extra-0490.webp	extra-653	6a8e46559dd13d29e4b1352ad1a53f53c5d29fa85cb221f801e8a04e71bc856a	2020	Фото 2020 г.
nature	extra-0491.webp	extra-654	a49575181929639e4c8451dec4b8f27421d756ccd4ae67650f98325cf828f06a	2020	Фото 2020 г.
nature	extra-0492.webp	extra-655	99258f1a9dee8cc190cf49ac143dfb90eeb7323deb176e155755c17e6c7723f3	2020	Фото 2020 г.
nature	extra-0493.webp	extra-656	5303de9eca6ba86940aeab2519eb9562ab2baa9b0c75240208e80235c3e80803	2020	Фото 2020 г.
nature	extra-0494.webp	extra-657	fbb4306cf6164df2d4144b009c977cea5d3aa8eb7c53c316dc2c1acb2350fe11	2020	Фото 2020 г.
nature	extra-0495.webp	extra-658	e96d14654650840322190279cf419ef6ed3676e512f288a15436cbcc5eb9cada	2020	Фото 2020 г.
nature	extra-0496.webp	extra-660	4087baa14c56778f4f6058574d98d76b2fd213d56bacb90ec4c5b8b71b4197ec	2020	Фото 2020 г.
nature	extra-0497.webp	extra-661	8dd551c84b0e4f7204e8aad1f50a8fed747196d8ce6e0728d7c2f2887667c786	2020	Фото 2020 г.
nature	extra-0498.webp	extra-663	47fd288d0ad83e9208078d65b79b460693da785cd269066ab4a4f97cfbdf06a9	2020	Фото 2020 г.
nature	extra-0499.webp	extra-667	4b695df0b47a436702b3a6cdb29f373141a3e6cdf5a90e46359bae9a2ed516a4	2020	Фото 2020 г.
nature	extra-0500.webp	extra-668	6a9943219327c4a9b59285326beba290313cff3e7ed5c6df008057c1456ae75f	2020	Фото 2020 г.
nature	extra-0501.webp	extra-669	a3cfdf9f9060c7c931e39f1b65f73c12087ce67a49d3d8a852a69627d81aa68e	2020	Фото 2020 г.
nature	extra-0502.webp	extra-670	593c9e6fbc040e83786fcbed26fc9fe65c39099cb87294809f68357bad968872	2020	Фото 2020 г.
nature	extra-0503.webp	extra-671	9d4acdeb4a99eff6e73f379c08bf70ed879a0ef9c77b2ad6563e473f578a1c0a	2020	Фото 2020 г.
nature	extra-0504.webp	extra-672	af9ec0777510d0302686dac621de62449fb1297432d777e2442d3cfc48e20c5a	2020	Фото 2020 г.
nature	extra-0505.webp	extra-673	3fe3313b647fee73da342c6340e4392d59d94d329ffd33423004a80b49178ec8	2020	Фото 2020 г.
nature	extra-0506.webp	extra-674	f42138e4238ae82b7669dd400e45dadcfa2ca3e2ecd63553ea9e2212e8be33ee	2020	Фото 2020 г.
nature	extra-0507.webp	extra-675	abddce74f5c00e7fd825683be5c5ec740f4adddb730b622c54d1a07eda78abf7	2020	Фото 2020 г.
nature	extra-0508.webp	extra-676	df9ecb431422a95c38cd10a4a526526ffb6ecbc7e68cf7769fad15b5c5198f30	2020	Фото 2020 г.
nature	extra-0509.webp	extra-677	ac9b0d584510f9f166c7ea1ecf71ac74d73a9d5a9b3ba4eae9ac4ce2e713fa6a	2020	Фото 2020 г.
nature	extra-0510.webp	extra-678	b3bb5c29b31fa41318330753db9fa44e71fa20417b4d9a58eba2624cd92d22ea	2020	Фото 2020 г.
nature	extra-0511.webp	extra-679	f7387e81ee5a21815f7c7bd7e8e54d431aaf4a2557f11f134766882d0db79bda	2020	Фото 2020 г.
nature	extra-0512.webp	extra-680	b1343423db3c26b2687698d7afb0fa91f09b0758edc778ef2d29f8ab96482bfa	2020	Фото 2020 г.
nature	extra-0513.webp	extra-681	53df43104e95f3257f872c33f2297472f7edca3ea552d4eea16afc4c59ba4303	2020	Фото 2020 г.
nature	extra-0514.webp	extra-682	ac88c462fb79a268fae36306fda420a2b230dbfd779e1574287520bc4fba0bd8	2020	Фото 2020 г.
nature	extra-0515.webp	extra-683	73b12c757fd0e6b3622ccd37d3b205647b307a6fe2887a85c8cdfabd9ebe0e65	2020	Фото 2020 г.
nature	extra-0516.webp	extra-684	b5ed64c18fc23a1a12f94b541f72173896054dc957436f8187b4936297a7c95a	2020	Фото 2020 г.
nature	extra-0517.webp	extra-685	0d9dfc5ad7b1f8fedc60425534b9d38b59d85f25854a1f40feb78c7a7ac8e839	2020	Фото 2020 г.
nature	extra-0518.webp	extra-686	edf483960b3d51ec60470bb5dc5c872a53dc6456f06179024f818ea2f9e2a8b1	2020	Фото 2020 г.
nature	extra-0519.webp	extra-687	66c5c5db886cf301c974ff37d676d47090d1e13ce04075228310ebf0eb75074a	2020	Фото 2020 г.
nature	extra-0520.webp	extra-688	a5d20cfa751134fdaec9dbd1d8d4d7b710a925cb7467a25168bc9bc4c480f972	2020	Фото 2020 г.
nature	extra-0521.webp	extra-689	b75263bc72a41a5649fe87971f20395e7cd90596ff71c6dfc6d6a56db2e63799	2020	Фото 2020 г.
nature	extra-0522.webp	extra-690	c8ce20435be45abc5b38bd91a178888c2723d8befa75aa1d17b87ff0560f98d9	2020	Фото 2020 г.
nature	extra-0523.webp	extra-691	0b50bda557d384f7a8da105c0064ec99c5365413194bc5e862c5de1448122ec5	2020	Фото 2020 г.
nature	extra-0524.webp	extra-692	2e24277c4a65d71182c6c842b251d3fbdc535cdd07863dcc28db12f638085412	2020	Фото 2020 г.
nature	extra-0525.webp	extra-693	69c541d29cfb08927e2e2133845be668868e448fd99036880666bb7a86729b58	2020	Фото 2020 г.
nature	extra-0526.webp	extra-694	0de813fed16fee16e963bfa674c923fdc072e43d242fcfe17729d26c246d6762	2020	Фото 2020 г.
nature	extra-0527.webp	extra-695	5bde2420ae2d27c145fa9f31aa2bd34342ab4fdc0a5fbab5b660e47463652f27	2020	Фото 2020 г.
nature	extra-0528.webp	extra-696	40e1fe6e25abe2cfeefdf114bc7261858c7c0cd3dfca8cd42b485899a2ce7215	2020	Фото 2020 г.
nature	extra-0529.webp	extra-697	c7718724d862ddf217787e06468759dcd62933efec5260a42801f1a82826f979	2020	Фото 2020 г.
nature	extra-0530.webp	extra-698	cad5cbcb9e7e804eabef0c916f3960db3204f383ed67e604721872dde4bb1386	2020	Фото 2020 г.
nature	extra-0531.webp	extra-699	34598354f881bc55d4b83f42aa5e1b3bc9891d9b9fe6d7d68cfd1d38824dc4d1	2020	Фото 2020 г.
nature	extra-0532.webp	extra-700	c9b9682f0cd1dd846055351942b400c5e2b1c2eb520f22e165f64394dc274f71	2020	Фото 2020 г.
nature	extra-0533.webp	extra-701	0863687352248a5ccbf26685ad78615b22bc166c30bf8ed3c42dbb281e3ea945	2020	Фото 2020 г.
nature	extra-0534.webp	extra-703	0e3e6720cd2caab14f84a84ba2422629dd8bf4ddc05a2a330906a3b021f4bd81	2020	Фото 2020 г.
nature	extra-0535.webp	extra-704	5483d390a13c759d0004bebc6bd21f1965adc40c004bf355931f03fa53bfb135	2020	Фото 2020 г.
nature	extra-0536.webp	extra-705	c8704c1d83822f8dcdcc9bd258836a89c4734d6bbd324814093dfae5bb004455	2020	Фото 2020 г.
nature	extra-0537.webp	extra-706	cc95de2a8e2bbce25a608a044c0e9b49fa39add07752ad00b12056c8ddbbd9f6	2020	Фото 2020 г.
nature	extra-0538.webp	extra-707	deaafacf8e93be378ab0fec4cc6065f4c05d88220e1c3009dfe2ad8bb510693f	2020	Фото 2020 г.
nature	extra-0539.webp	extra-708	b0f60e45ea00be65cc1f417f384d7065ba99e9fd46ce3dd75e98fb2044d75703	2020	Фото 2020 г.
nature	extra-0540.webp	extra-709	267531945ee54b5536bad6697f7d40905057bce833a994cf13667665f67064fa	2020	Фото 2020 г.
nature	extra-0541.webp	extra-710	cba3b80ec8b62c0248ed7a582973f8d34ce3ac01a11f1404fe56f92358eec545	2020	Фото 2020 г.
nature	extra-0542.webp	extra-712	33fed2c7b7702ec8f689e938c57c69c65d7a343e63571c7be2edfbd3648977fc	2020	Фото 2020 г.
nature	extra-0543.webp	extra-713	a8c035178753d0fe80cbca54cfa4ffa00f074fe51aa135070bcebf125f74808e	2020	Фото 2020 г.
nature	extra-0544.webp	extra-714	b4025a52683275cf6467da7eba0afca35ddd0b34f22959efbe4f2debd4611f41	2020	Фото 2020 г.
nature	extra-0545.webp	extra-715	47042c94c8cf57f1ebd91b45b9e1847fd3b98da1c091ccd0dc2f877f080b670a	2020	Фото 2020 г.
nature	extra-0546.webp	extra-716	e0a2c2c2c27b2f2227e2d0c497ee5761c1e006ee7728f20206a9e53548a749f1	2020	Фото 2020 г.
nature	extra-0547.webp	extra-717	7e5cb512856183ebbf84d4a8e00f0a55dab262ab162f5bbce13e5b9c9efbfca6	2020	Фото 2020 г.
nature	extra-0548.webp	extra-718	d2c22a9699823f7ea2b502901d962128ae5d26866b3bb7f5115c54a7511331c7	2020	Фото 2020 г.
nature	extra-0549.webp	extra-719	a39bd4611541841b5d81a1bd9f03eb34d79bccd939bc18a836ffdeefef84b95d	2020	Фото 2020 г.
nature	extra-0550.webp	extra-720	d15661fd0e0f91eebcf99f3e94a33edd5b52167de7036b5884f7a43a740e84db	2020	Фото 2020 г.
nature	extra-0551.webp	extra-721	92a08181ab736829cb50e44012c72d04e772251ae56e63405a26dc5f4c2b307b	2020	Фото 2020 г.
nature	extra-0552.webp	extra-722	4087fc8b75f99d9e16bba5f5d3fb1e9242d167250231416cd1f82b7c36789944	2020	Фото 2020 г.
nature	extra-0553.webp	extra-723	574612a333b84b94fa2c8b60ac84bf0ac9d15a3ae54ee891406d713e2cf4b13a	2020	Фото 2020 г.
nature	extra-0554.webp	extra-724	9fd118d56f191020408087f391aae3a5d32922ac6676eb29660edbc8ebac4f55	2020	Фото 2020 г.
nature	extra-0555.webp	extra-725	a2be18578f94baae1f45c33d3b1a425e288e6237b74c4e048b73ac37a062aa28	2020	Фото 2020 г.
nature	extra-0556.webp	extra-726	8fb4f8aa16664def696072c1ad4b7a41eed973c3e21bf3eaa78e79293e61f454	2020	Фото 2020 г.
nature	extra-0557.webp	extra-727	7ce5d69ddcadb1e70a1c4e1e6296493519c4918707e74e98239d8b7607e79913	2020	Фото 2020 г.
nature	extra-0558.webp	extra-728	72cf4158d6f4793d30409e41685b428f0841498f8aed479d21f0b6044021ea92	2020	Фото 2020 г.
nature	extra-0559.webp	extra-729	587d35c8f224272a4a6adfe7d6d14627e468316b4dba81a45dd975fc5633d4a9	2020	Фото 2020 г.
nature	extra-0560.webp	extra-730	f6e7bd70583d05a691ff7167d982b7df2ec0dd7a0532c0d22e93154a8312428e	2020	Фото 2020 г.
nature	extra-0561.webp	extra-731	e6d0a9397650a7c1630ae6a6994607a00ee00300bc117b8dc50b9844dbf06b0e	2020	Фото 2020 г.
nature	extra-0562.webp	extra-732	b3a6f0b89d98e50aa3532a92eef53af149baecc5240af1131e1cb6793cbe5b48	2020	Фото 2020 г.
nature	extra-0563.webp	extra-735	c7cafc98a254bff6411ac5776c1407ec6c7e73bb03a9ce5e7db79b37cea29f99	2020	Фото 2020 г.
nature	extra-0564.webp	extra-736	adef4c4193ee87435b95d98764adeb3a8a4aebcc5c116b5aeefe9ef014bd4afa	2020	Фото 2020 г.
nature	extra-0565.webp	extra-737	c726a41c1acf4e0c55e14a81be970469275703c86347fc16670691869cb22a6c	2020	Фото 2020 г.
nature	extra-0566.webp	extra-738	240df89e77147a2fbfb09f00bbbcff851f65cd911a1cd91b4d04e67d69ff4ebe	2020	Фото 2020 г.
nature	extra-0567.webp	extra-739	deb03920aec042ba55e904a946280504c61a9c9fb5a5f00d1a60d14fb8b782d1	2020	Фото 2020 г.
nature	extra-0568.webp	extra-740	3fffdc2fce6900119abe28a4c36b21256eff0d89e9c48de2eddf985f39e3c34b	2020	Фото 2020 г.
nature	extra-0569.webp	extra-741	bb0999e72e36ba16d1e654692ea38e750f82a77181e446ebc7757f2ffd4d9eb2	2020	Фото 2020 г.
nature	extra-0570.webp	extra-742	a0008ed27b24ba809ebcc64b7731edb1f00cab57148440db1940628c37d42e81	2020	Фото 2020 г.
nature	extra-0571.webp	extra-743	c418ca8f6d2c887024d8107740c2a6142a2843701cb3832bd803ad7364d52bc2	2020	Фото 2020 г.
nature	extra-0572.webp	extra-744	ee79d5bf888acad0315c4b9903148b798e1e37c21fdf645be2c29e553a69993e	2020	Фото 2020 г.
nature	extra-0573.webp	extra-745	e6068b507ad8c897f945cb5538979cf7475a0d5ffe3a93ce065963390c19107f	2020	Фото 2020 г.
nature	extra-0574.webp	extra-746	548cb909aa8eb5be199244d728cdf5be9f72456aa836aa8e9b4210852bf0b7b1	2020	Фото 2020 г.
nature	extra-0575.webp	extra-747	a3151b06b421a618452f50bf1698d6aaaea38b5be7858d471d374d7d75926413	2020	Фото 2020 г.
nature	extra-0576.webp	extra-748	2c05c9b0a2ddb331fbfb03cc0440b883ae12081a4a5b2b1a97a8c3bf80a60b4e	2020	Фото 2020 г.
nature	extra-0577.webp	extra-752	2dd13249d7eb83bb41cfdd6a2b28d78b904be0dc23e834887f5694c504d4a434	2020	Фото 2020 г.
nature	extra-0578.webp	extra-753	d131999f7c969983eb47a6f131acf1be81d3e931b4da0503fe1dfe8a091b2cc6	2020	Фото 2020 г.
nature	extra-0579.webp	extra-754	afe064b2d4b0a40faf7e78065da3919dab099ee059d318ec0226c51b5362b5b2	2020	Фото 2020 г.
nature	extra-0580.webp	extra-755	49b8c332e807edd70af179bb855a894d119b4b6ba3623718121be2b1cf2f3451	2020	Фото 2020 г.
nature	extra-0581.webp	extra-756	cd608057ecf53b662985f55daef2b08e2b45289f23d453ba0f1a1796e518063a	2020	Фото 2020 г.
nature	extra-0582.webp	extra-757	152bf9e1c179122858db17ea324cb7729ecdffa1da84aab8f1db8b70a208df51	2020	Фото 2020 г.
nature	extra-0583.webp	extra-758	4d7ad41fc161b33d43528843cc96ccaa5d07a4c1a65fdd0bcbbbc80c5fac2644	2020	Фото 2020 г.
nature	extra-0584.webp	extra-759	1f015cf62028dc4de6bcefdd49bf9e868f887aa7490d98774320fe01a83e5605	2020	Фото 2020 г.
nature	extra-0585.webp	extra-760	7dac0d1966ffb18f94dcc535a1b2e253c3b9e5635e4a35ea8b0feabda9bed5f6	2020	Фото 2020 г.
nature	extra-0586.webp	extra-761	02c011a1efbcc9acda70ccfcea9f375102237443d81cec7b5dccf96ac9a4a2ef	2020	Фото 2020 г.
nature	extra-0587.webp	extra-762	f145afddd6c7e007c19987e32cd140a9337f8a5362ffadf72d4dd4d3ec77f16c	2020	Фото 2020 г.
nature	extra-0588.webp	extra-763	0f60bf56850c21d71df5be6cf4cdec3644254adf99fe86c6c940751d8457554f	2020	Фото 2020 г.
nature	extra-0589.webp	extra-764	c836bce9561e2eaad76b4f27ef32565351195e111f89b0ec566701c22fa942bd	2020	Фото 2020 г.
nature	extra-0590.webp	extra-765	d93aa44f542aac54a7054c254e50f54400b397ceb5c2d16f110be463a7836362	2020	Фото 2020 г.
nature	extra-0591.webp	extra-766	6c1c0b664e4f4e460234b29299daf02ca1bcb8d0acbaf35533cdfe4a96f6b6e0	2020	Фото 2020 г.
nature	extra-0592.webp	extra-767	918485b4247c71e13b0788a0fc8c818c17bcd49910424416a42de99ef6f545a8	2020	Фото 2020 г.
nature	extra-0593.webp	extra-768	19b67b61a8ee0ed52af3a62406ce4c90ee18a180a772b225544c02228d47bb5c	2020	Фото 2020 г.
nature	extra-0594.webp	extra-769	4b0852badbc7474bb6c4922fbcc4cedab17d7a939935bb04b4c503a7f7049524	2020	Фото 2020 г.
nature	extra-0595.webp	extra-770	c988f96c36efafa0c3a9082dc8d5034c2e893ab6efbdbe70687b5108066a1e2c	2020	Фото 2020 г.
nature	extra-0596.webp	extra-771	9d2b1e78ec4beb838010c746abf58a642da4a23ae7ba6463685c9c9691e20659	2020	Фото 2020 г.
nature	extra-0597.webp	extra-772	bfa7e9c4d045197dd2c7e3b216ca4d5fb850f7af54fa6009fd564169fc324b53	2020	Фото 2020 г.
nature	extra-0598.webp	extra-773	73ceed6bd5c5d3ba34f91aa11315af880470ac547a657afe52d85346906fb009	2020	Фото 2020 г.
nature	extra-0599.webp	extra-774	b8b75f742bc47c12f254a42ce2648189da038d82ff373cae7a1be19a2e69e8f7	2020	Фото 2020 г.
nature	extra-0600.webp	extra-775	b3b6427d4ca7f9815ca269cdb40858db03d112d579b8ea18726382ffaca83e0f	2020	Фото 2020 г.
nature	extra-0601.webp	extra-776	6d127cb757a43b99335f11e202fea30b1835961604a4edb88b661071e1dc0598	2020	Фото 2020 г.
nature	extra-0602.webp	extra-777	f96c338c8302c245cf3cf8efd5d33ac6864f39ebe50de2f6c24d774fe33fe639	2020	Фото 2020 г.
nature	extra-0603.webp	extra-778	33e12f268f9d8f69fdb4a9d0c649e38824d85c14aba8ab7ef28ed1df76165783	2020	Фото 2020 г.
nature	extra-0604.webp	extra-779	1900a316fe3e151855aee45afed71cbc04aba1c742d83ad5473cfe3cb7178a55	2020	Фото 2020 г.
nature	extra-0605.webp	extra-780	7dedfc243e79f0e2cd882c73dda5ae7221acae00da3a1609fa82fb175ee6d1ba	2020	Фото 2020 г.
nature	extra-0606.webp	extra-783	dfcb47a6a76880e649c44cf1c7b8e11496b88bd654990266311fb245805d8114	2020	Фото 2020 г.
nature	extra-0607.webp	extra-784	27ba5116bafae8537252f32202828c0114a5f3edef97ebc46fe67efa50c4a843	2020	Фото 2020 г.
nature	extra-0608.webp	extra-785	73993a0370fdab725bb9de3f3f838bfe37d4b97de8c2bdfa5210915542c89ab3	2020	Фото 2020 г.
nature	extra-0609.webp	extra-786	4921beb165af9c8b1f4050c9b5d8cf2597892ab5d7dee4a51c973f2d610398fa	2020	Фото 2020 г.
nature	extra-0610.webp	extra-787	d2b459b1491e9f093ce7047e695ba6454612f0f336c98f9c9a8e7b26311a1be2	2020	Фото 2020 г.
nature	extra-0611.webp	extra-788	383f1f6c407ce4ec0b8aeb87deb8f572bfef19fee51c811a8a62eb57aa679ead	2020	Фото 2020 г.
nature	extra-0612.webp	extra-789	471feca5c9c10a5c31a8021c4da8387013a3ccb9c563b8bebf290cad64ea9afe	2020	Фото 2020 г.
nature	extra-0613.webp	extra-790	1b56bdbf2e694b7b1bdf2ee26cc6bdae38a7860e7f3eaa255cc59bd6dbeaf711	2020	Фото 2020 г.
nature	extra-0614.webp	extra-791	f1b02a851b3648c0ced8fc40e212be87ff950c0a67bfe05730997d227d4dc0ce	2020	Фото 2020 г.
nature	extra-0615.webp	extra-792	9c0902f89327ae034b9cdd9e873839018e448a1a447a923a3051624646a74705	2020	Фото 2020 г.
nature	extra-0616.webp	extra-793	736fbdc2049034dd002944cb80fcf5a5ea840a2a4ab105a856074ca83f396fd6	2020	Фото 2020 г.
nature	extra-0617.webp	extra-794	2f3ce43822352d11f16e6ad4253e35064809b12b2cc54636869289e63d1459ea	2020	Фото 2020 г.
nature	extra-0618.webp	extra-802	3bd7156d1dae8b089d532542a92ebbf7cdbef274d27976b9eb47c3a7eb3ae4bc	2020	Фото 2020 г.
nature	extra-0619.webp	extra-803	57f40a7366f1f24a3d35a27ad4f17031e49465937dc31e75ed68df5063f38427	2020	Фото 2020 г.
nature	extra-0620.webp	extra-804	6e253072df022cd2797f93266554a379566710f37d6f30d7ba619f2da9a86445	2020	Фото 2020 г.
nature	extra-0621.webp	extra-805	c3f728d98e0237a61cf7206230c6877daa9e3f7e74d8874f0b8ddba7b5e63e87	2020	Фото 2020 г.
nature	extra-0622.webp	extra-806	b81d885f356dc16de5d5eebc55e30f428fa59e134fc01290ec9bff851947276c	2020	Фото 2020 г.
nature	extra-0623.webp	extra-807	77176836b1627438612099853425110ac7d4fab64bcb86c0f7b60035e16a0dd5	2020	Фото 2020 г.
nature	extra-0624.webp	extra-808	7fce5c6572990632858c9c046224851de7f298a8bab10533570cff18b14aa2f9	2020	Фото 2020 г.
nature	extra-0625.webp	extra-809	810da22b8dcae12006422dd9ed16e4cb86bea1821724822fc9e97d41854cf840	2020	Фото 2020 г.
nature	extra-0626.webp	extra-810	cc3e93101f5e5af641eecf90f5fedf27a90cc8d02943557a22281b387bedf682	2020	Фото 2020 г.
nature	extra-0627.webp	extra-811	6261f1e07d6195938794699cd69cdcc87e5b8cfb993a9b66c304b97ad6c2713b	2020	Фото 2020 г.
nature	extra-0628.webp	extra-812	74bfedb84dcb81af26e25942bca7facf73a82c900a8c52b4fae6ccb0bb109103	2020	Фото 2020 г.
nature	extra-0629.webp	extra-813	41f25d575aa1ffc0c82ba6d56a4e92586bb372211ffce086d3b9b48a4d932884	2021	Фото 2021 г.
nature	extra-0630.webp	extra-815	22772c8c9d4e0ef7ee3f1da4e2670ed13f3300eb1a0c86d04c85aaca7e2fecfa	2021	Фото 2021 г.
nature	extra-0631.webp	extra-816	2ff342471809ad8f15c34dbaddf6adaa7b2998e405fe1012bf4758f59e74ea8a	2021	Фото 2021 г.
nature	extra-0632.webp	extra-817	35610a089090ab678eaea5e774612263aa342aaceef01f35c57465a278e3d6ab	2021	Фото 2021 г.
nature	extra-0633.webp	extra-818	8c129ed3e6d58f089da53976c9c5e8d30e78ab1d80c9125cf8e78cf853ee7a92	2021	Фото 2021 г.
nature	extra-0634.webp	extra-820	d628bf46f7423349d143645fff009467410de55439f281309f2570904c48dd3b	2021	Фото 2021 г.
nature	extra-0635.webp	extra-823	83b6eadb19594786ce05b626c3c3dbbc8d7961167762f10eccc0abab39ddb1ca	2021	Фото 2021 г.
nature	extra-0636.webp	extra-824	cdac092203ea07480dcbc4ec97a1b57aa0e59939e3589ee1212e22c45bd62299	2021	Фото 2021 г.
nature	extra-0637.webp	extra-825	8b7636dbe8c655cc4c9a4f8c55738052b338eb4e06d9d081a0c58e8a1999bf36	2022	Фото 2022 г.
nature	extra-0638.webp	extra-826	c238e0881748cbf47707adea6d49d0141b3d61777c9db2d1bfcbc6567f9fe9e0	2022	Фото 2022 г.
nature	extra-0639.webp	extra-827	a235bf44542ff6fa288bdc82d312ea64b2a51f72e9d6bcb220093e766a9df099	2022	Фото 2022 г.
nature	extra-0640.webp	extra-833	6d187495f5163d417f7982cf9553b236dd7615733e3c4990f944e1b524364f91	2023	Фото 2023 г.
nature	extra-0641.webp	extra-834	99a5b2ef709bac1eaf3d7ffd87017228d72556aeb8a6fda687fea1db53a7fe5d	2023	Фото 2023 г.
nature	extra-0642.webp	extra-835	78aa2951eba84c69ff6bcd2691fd4deabea76ce4053eea354af12797860f2054	2023	Фото 2023 г.
nature	extra-0643.webp	extra-836	0fbe8110fecf6344dec3ca17dd7181ef3c75eaf07aedce7dc50aac2d89177d56	2023	Фото 2023 г.
nature	extra-0644.webp	extra-837	04cfb762b0a3ae4f30153864aace92386c63cd6362367063374c00bcb0c7f1c5	2023	Фото 2023 г.
nature	extra-0645.webp	extra-838	abd850891f0e9297da515d658973640951ca61eb43cb92bf8ea061c7dce7d2e1	2023	Фото 2023 г.
nature	extra-0646.webp	extra-839	59e89b09ac1c39b1f82f9621ec8a80016e3addaf899cfbcfd5e3afe534c709bc	2023	Фото 2023 г.
nature	extra-0647.webp	extra-840	dd57095be701f28860a0c6f95f082bed75f279650954dc3c153441b5c8af8911	2023	Фото 2023 г.
nature	extra-0648.webp	extra-841	34288af24b1beb747ec7643c1a6dc0a54dd683c523c3b528ce99feef2ef82680	2023	Фото 2023 г.
nature	extra-0649.webp	extra-842	d9208256074cb0a3156f1c4f11751c43a62fa9136a213b6670506cc8c5111888	2024	Фото 2024 г.
nature	extra-0650.webp	extra-843	41bfd799914405815985b2ab5477ffea65f3a04c1b9cee76a5e63a506963d84c	2024	Фото 2024 г.
nature	extra-0651.webp	extra-844	16beccc239eb8c0e316be65080abe2b727344d52b011d95a1e812471a170db47	2025	Фото 2025 г.
nature	extra-0652.webp	extra-845	951088e2336c126a789bb94c5bec668cd22a5bdcccfd84a48fd35d3a484e4ade	2025	Фото 2025 г.
nature	nature-0001.webp	0041	cc31f5b6ccb29a6359888bdcde7251cefa8f2b7f26fc5259518c8b537891c42f	unknown	nature
nature	nature-0002.webp	0042	862580f95046f8bb774d1c9c3d563696383c5b29fa9f6243b9031d33c0a8fdcc	unknown	nature
nature	nature-0003.webp	0043	e3898bd158bf491d439a524db5314374c2c24a9390d5149a258444277f2ce172	unknown	nature
nature	nature-0004.webp	0044	f8e85ad08c428cdee0cf98f96e802bc97e9024912fcd7af9636d0b6ca21eb5a2	unknown	nature
nature	nature-0005.webp	0045	4edc6fa527c46919cf5978c15576e3147690cb8e38bf36c9278448c2f1aeed33	unknown	nature
nature	nature-0006.webp	0046	12cc4052600dd6cf23b4cd6483abcae444b927205984590fa5a44046ea9e373d	unknown	nature
nature	nature-0007.webp	0047	e3a52a94ccc2dd805767c47053de31b4539dcc9d1cd769ce602adf3cf14211e1	unknown	nature
nature	nature-0008.webp	0048	054030f2ee3b8fda64eb92cc14f79beeaa4b03900076c2d06df0d5347def635f	unknown	nature
nature	nature-0009.webp	0049	a25da137b26d66a28987c05a2e198df357fffe14973ef18ac6e2555c2391fd3a	unknown	nature
nature	nature-0010.webp	0050	e953541a66b4abb7e16713907e32d5f5876e945bf8cdc83cd912956c54197579	unknown	nature
nature	nature-0011.webp	0060	12b032d1d2157589d029458ff6f48eb998c2e131af53b3ff25813ea90ef08ff0	unknown	nature
nature	nature-0012.webp	0061	e44352140e7db3258df20b60ffaa84a9cd4bbadd13c4848bdecbd74613387fce	unknown	nature
nature	nature-0013.webp	0062	efd55adf6bff3530055e507ddc8ad5feb66867a1b00d246405c402c9c8ffe924	unknown	nature
nature	nature-0014.webp	0063	ba44e1d33748c0077c5781b9815c106ca3c138200e777c792fe645e18d1bea43	unknown	nature
nature	nature-0015.webp	0064	b1c8ef283441f32428698b37f1fbedca4fb69e8dbd03e9beb310aa3fe3485510	unknown	nature
nature	nature-0016.webp	0065	51447d37454e1ff2305b3ac04a99a395842ed9c17a600574095fd44a260dbe28	unknown	nature
nature	nature-0017.webp	0066	315621a2de167e0e45123c5121a3c03d5a0c6acb09e975c831d145ae99835a16	unknown	nature
nature	nature-0018.webp	0067	3bb1df80882933fd1ee012b0853ac0423ee793ced64cd5794fb84a34b8d28a70	unknown	nature
nature	nature-0019.webp	0068	068323f14432b89681cff15ff8890a7ed70bf7eec16726ca67d47cf36d56b53a	unknown	nature
nature	nature-0020.webp	0069	1f5ac7c2ba4f20f6cc858c63150af11de1ea2790e094b20a76caef4d9846d553	unknown	nature
nature	nature-0021.webp	0070	ea8d8298bacffa7c8f23344daca39ada85721090bafb0a28f212db2af177781f	unknown	nature
nature	nature-0022.webp	0071	8b1bb27e386f51371fad26e2f4dab38b2dce0c3c699efa9a32b122f2402b485d	unknown	nature
nature	nature-0023.webp	0072	0c62d7891bd93a51e673c5f5884f19c35399580f48c98b85fc6e5f8376dcdbd3	unknown	nature
nature	nature-0024.webp	0073	95bf115de54df7a26f8b4c88860b28804081dbe9d86a71ee00914a7c80721833	unknown	nature
nature	nature-0025.webp	0074	9c5600d6993ff7122866a50354db87a23cb0d014c8b5d2fe82008733ee6bf53b	unknown	nature
nature	nature-0026.webp	0075	5a5390871b1fec832432206383712ab89b80780a5038c00e08e13842beb8f9da	unknown	nature
nature	nature-0027.webp	0076	e99ec7869094577e9027c7e509bbbfe8971912956493f19074140434e177462e	unknown	nature
nature	nature-0028.webp	0077	126c813baed60ef9c1fef8bafdb359424c217c46325a771854879d1770b51ba2	unknown	nature
nature	nature-0029.webp	0078	ae21c8ce1ed598da54c9d9da334866689b6d8007c0d7524c725de2428f095b77	unknown	nature
nature	nature-0030.webp	0079	3fbc1bfa6e2e65535e3bca8713a700a0a77fe948dcf1af8d229a6dc0cb7b3c9f	unknown	nature
nature	nature-0031.webp	0080	cdf885e5e471d0ce2f75a9238f15411d6299386e72af1121930bbd3306b264c8	unknown	nature
nature	nature-0032.webp	0081	8bec8f89531936ec6fa00aa1829cbef59e52dd2db25ed2bd1d4c5df4cf56ccda	unknown	nature
nature	nature-0033.webp	0082	3543b84146d8d4e53da0eac6b1a03ef636ac276ea442796c1d673138ed93feeb	unknown	nature
nature	nature-0034.webp	0083	4bbe969f1dfcdc5142984b17861c6e2bffe700bb73eea0c912b6a6d885650c6e	unknown	nature
nature	nature-0035.webp	0084	6d70e0be7f8a2e152610b8bc19c16bb43d8ad3555e5568dec7fbcc92752fc803	unknown	nature
nature	nature-0036.webp	0085	6c289642e3cea7a494295ccb34e2ec45386d295b605c382990eb40507712572e	unknown	nature
nature	nature-0037.webp	0086	343b91a3873d7bea0da0bd6d87a03ff5dbd20f5739128d732c5c8202fdcfceec	unknown	nature
nature	nature-0038.webp	0087	280826c664821f7f513ddd1bab04cd15d8f8d1ad6b16eb80c50db5538339f477	unknown	nature
nature	nature-0039.webp	0088	3aa6a677c7f275c7a39dccf9301bd2364f15a88322ff4f6b8a6ffbd801f44e7c	unknown	nature
nature	nature-0040.webp	0089	fe7f2e948494f9a47f488dd13568b7064319d4f02056fd30c958e25e13de2e69	unknown	nature
nature	nature-0041.webp	0090	98f8a571b82b11439b53ce845db7b05ef26ea990caec36fcd9f2c3afef944306	unknown	nature
nature	nature-0042.webp	0091	6da6dbeb06ea65e249576bf033446e8604d9a05c2bc58f5868e0dab43d4b1951	unknown	nature
nature	nature-0043.webp	0092	7ef02d2b40b38a82d64684befd915d8866e20a7dd97e9ecf898daf13ad0183c6	unknown	nature
nature	nature-0044.webp	0093	e355e34fe1e7324afe5b988e710564a0a60b6eef18d1451be23fc02eb13408ea	unknown	nature
nature	nature-0045.webp	0094	46581c557914b56c66df9a7a36226242aef08db33b3985cb1aafbbc4572c0ddd	unknown	nature
nature	nature-0046.webp	0124	ba13922b3e5e78172f9ba83b9d32bd738348c36d1c392880a77f02cebfac22c6	unknown	nature
nature	nature-0047.webp	0125	878d32ede54d38c812ae5f944942ad2a6fe069312da023fc2bbe769fd0547571	unknown	nature
nature	nature-0048.webp	0126	6e84d7416682fb9d2be02a2043c535fa179314ae6dccd18c4fb503920d67d3a9	unknown	nature
nature	nature-0049.webp	0127	23aa21072b23e56eb230b339359ca9081f3c6b68f81631a00ef3d561d3fd5bb3	unknown	nature
nature	nature-0050.webp	0128	3de7a01c7f9cdedc607b7d31a0af882d1302a60de8eac8cb7da41eaeda486f0e	unknown	nature
nature	nature-0051.webp	0129	2d6c06e18fb294f06901f7488cb94a82896854ac364659cf2b37aafd091e4da1	unknown	nature
nature	nature-0052.webp	0130	dba715afde92c786a936cb0edded98a6c240d927d108b999f40216a4ccb65cc2	unknown	nature
nature	nature-0053.webp	0131	c16ae9bf847a3e66231200cfcd498248f51250eed3569c282bffcee5206adba8	unknown	nature
nature	nature-0054.webp	0132	e3b1f8419ec807d0fc04ebb2feafb79fe5763ff42767a3f2c5b9480621b5088e	unknown	nature
nature	nature-0055.webp	0133	8742874edc24693bc7aeaad4fe62958b1b2a6e043634a896344110ef70cc1d0d	unknown	nature
nature	nature-0056.webp	0134	59877a0c9f1477c3050552e5c9ee9f89b68c9425d6cfb27a5c6fcd06737ae107	unknown	nature
nature	nature-0057.webp	0135	ca244484bab3e43e92f14cc281b7bdebcd86f771e74bf687aac69934b0434a95	unknown	nature
nature	nature-0058.webp	0136	67c403e58b7df43e3c27eb8d99e4c18ee9b898ba6ac1f161938883f8323c415d	unknown	nature
nature	nature-0059.webp	0137	c5d178a25978d8d7d83132bd6590691b43a0181fff7f84384c4640601e89fdc3	unknown	nature
nature	nature-0060.webp	0138	b195cef8ebf716f26857f78dd34e1f2f86b7f9ed8a62a172e49cd21e0b5e788e	unknown	nature
nature	nature-0061.webp	0139	ac4c258519ed11565a26038a5fce1527b2850488332b1d7bb02519d57a0c5f69	unknown	nature
nature	nature-0062.webp	0140	138e29fc48d93a7c899e2d051c6fe1da405c4de429ec3ae0ef8163d715ec7079	unknown	nature
nature	nature-0063.webp	0141	04b9b0ba3c880d4f05c8f36dd598d67b29920db310b22389325dd7c61f5828d8	unknown	nature
nature	nature-0064.webp	0142	c860410d9baa238b44390e357b30b881ac72aca2868ffd150079baf97421328e	unknown	nature
nature	nature-0065.webp	0143	3537216589ed67b5a1aeff0494b9585be8811534f7b38a64b439cae628c35c8f	unknown	nature
nature	nature-0066.webp	0144	524e175015679d209d37ae102177803015b7be68d7d402fb7f87d43ace115918	unknown	nature
nature	nature-0067.webp	0145	4135637097f6bcb89b428a95e554ae42927d0afd2a8e09e52165968cff0db4ef	unknown	nature
nature	nature-0068.webp	0146	be07340ed284a5ea4cf50b190a70332b290098eb7926721746ad07e39478cad6	unknown	nature
nature	nature-0069.webp	0147	d1f72e718ba16039ef224b721adc25b05b5a410b7376581d10f1af88cf7ff94a	unknown	nature
nature	nature-0070.webp	0148	e387f574871b89fcaadb8dea95adc547c796964c16a86c5550e3f10b5f0c0844	unknown	nature
nature	nature-0071.webp	0149	5ddc8b37a50ac25d25668a9b2e8bfdab6f5290eeb9a41b1490a35be1be714a3d	unknown	nature
nature	nature-0072.webp	0150	c0cac1e0ccc542a23d1dea477521ca49c3b1484f120543bde3e0452f82bc5854	unknown	nature
nature	nature-0073.webp	0199	1bbb2ddefb4c1f7b1f843b7c9987473c7d1d31a06e31c4586cb39ec8d6f07dfe	unknown	nature
nature	nature-0074.webp	0200	21a3a497cf067acddffbdc35bf7d2c25788195ca35afa66834de8261ae0ec371	unknown	nature
nature	nature-0075.webp	0284	7e730d3b56425492800ee7e11ec0855906b3c84bfb2648bc42703cf571c51895	unknown	nature
nature	nature-0076.webp	0285	ecaf07753fef5d81b2dbc29f3308e651355531c0961780c0b2d7e347e51a7246	unknown	nature
nature	nature-0077.webp	0286	ba405e6b2172a44a71f33cfec9719964bf1516bea184b904e057e5f2ef427198	unknown	nature
nature	nature-0078.webp	0287	106941921d3f6acd2883465dc9a642a740c300552f8226f075cbf1f8e681e5c8	unknown	nature
nature	nature-0079.webp	0288	7a9db1de07991b21084ce3e70b6b21b07dc6f7c0f11ad719bbf36b0d66310ba6	unknown	nature
nature	nature-0080.webp	0289	465a4c92101f7a9fc1fa41b5bf5d88b2d46a2d4eeddc65cff2fcb9d4a20b53c1	unknown	nature
nature	nature-0081.webp	0290	d6ca12705acf5df337198065078a34851223ff15d96433577dc4c5b60ae517bc	unknown	nature
nature	takeout-0001.webp	takeout-0001	6683a785769faca3a8c169278a79de42b95021b7aaf0326d9adba7ad3358f3c1	unknown	nature
nature	takeout-0002.webp	takeout-0002	b07005054d312d32f35089d77ad067efb8df2216e0864c111f3cf36b4a82ca5a	unknown	nature
nature	takeout-0003.webp	takeout-0003	1630f10dc5cc2f75192795e2e2f59df0ad5e78be1d1f9dfd3eec4a3b695e32cc	unknown	nature
nature	takeout-0004.webp	takeout-0004	21208663a2dec11582298d4617dea6c567cc3802eb866835fd845e429f6cec7d	unknown	nature
nature	takeout-0005.webp	takeout-0005	a7f26b2e3e60954a8ebd626c13da0e22519fe8a0c43034c40d0f6ce866aedb66	unknown	nature
nature	takeout-0006.webp	takeout-0006	c977fac2ab9b518769f36116945d0372e557a354f05f4775cb50c3821e1a8ce4	unknown	nature
nature	takeout-0007.webp	takeout-0007	cb813c2632fdfa7258ba0adca28240de1c8ba2bd58cf9213b60231f5513b77bc	unknown	nature
nature	takeout-0008.webp	takeout-0008	98f9501131706f577d63a34a183587c088d3dd2e5fba9ef557532a47ec510a5e	unknown	nature
nature	takeout-0009.webp	takeout-0009	bf51b4d79ad5018d70d1b159415fd4d717e0b8b88fb8ca2f5fb832c5c140a36b	unknown	nature
nature	takeout-0010.webp	takeout-0010	3ed0e37a8b343902fa4b1d532a682aa93e42166e14d58f1ed4b24708cb4db154	unknown	nature
nature	takeout-0011.webp	takeout-0011	d772fdb48471b9c50a80773f7790ad6d2c54a6e0ba7f547320b58a854f6dfceb	unknown	nature
nature	takeout-0012.webp	takeout-0012	0b312574a885074fa1a1eb6558bdbf9e7677c5f27dc377116fc8d50af5d16574	unknown	nature
nature	takeout-0013.webp	takeout-0013	928c119d5f2d39d48f0d032723a5d57a77be5ed5dff56140dad8908214dca0dc	unknown	nature
nature	takeout-0014.webp	takeout-0014	657b2c50ff5949329dcd11bb5981b7e7def96a85d3543b68dfd27edb1cc346b8	unknown	nature
nature	takeout-0015.webp	takeout-0015	e413e56bc4b995e3d0bf4ddb9bb92a6fcf4636276e55c23a2f9e976c4dd83c73	unknown	nature
nature	takeout-0016.webp	takeout-0016	eec868c79e493ca50ac2c7b5bfb9fca001ecb6a5d40cdd8f6e549f37fd2d28aa	unknown	nature
nature	takeout-0017.webp	takeout-0017	70c041ee3667b79fcd021b55b31dc7fdb4c1fbb5801e7111370cd5e2c63a8918	unknown	nature
nature	takeout-0018.webp	takeout-0018	4369c52f053306d0c905ff6f0533c80d685ab8e4e4cf1da17920b5e7636bcfc2	unknown	nature
nature	takeout-0019.webp	takeout-0019	275fd7e26c2b0130fa67b7f331f871b50d0949d57e9355916d33f35ac60a4dc4	unknown	nature
nature	takeout-0020.webp	takeout-0020	7433db825929251516a9f0dd6a6c4672f96e7c0d19ef9dfcccb5098407c78ee9	unknown	nature
nature	takeout-0021.webp	takeout-0021	7b31cb8e50b66f51bf8b7aec42a5d6405103fa3979bf799dfb8d26a467770491	unknown	nature
nature	takeout-0022.webp	takeout-0022	27d5c4dfee681e46669a09a19203f09f64693ff9447219d0f10a83e09b62a741	unknown	nature
nature	takeout-0023.webp	takeout-0023	f37340dab44a271ee96cf8fd691ffb0910ae6102d79323124024be442b4d7a68	unknown	nature
nature	takeout-0024.webp	takeout-0024	bce2f53cdcc9f40edcca637bacf78811f701d011691fe1f177488a22bbe63d69	unknown	nature
nature	takeout-0025.webp	takeout-0025	42a33abaf5d7bcc3d4da566257269d22a6f0c85c061690a25c7f46593abde67b	unknown	nature
nature	takeout-0026.webp	takeout-0026	95a715c6a2f99ac2eb978ecec20adeb616b67e58c64bf1947b0c179d28821cfd	unknown	nature
nature	takeout-0027.webp	takeout-0027	7d4ee0f7eee76fb9481b487cd2cb69a3aa9735bd74570be747a75ec9fed2f49d	unknown	nature
nature	takeout-0029.webp	takeout-0029	5e3418e15665faac9eeadbb1a7cd390597b5644dd13bcda189b3a308e3affda0	unknown	nature
nature	takeout-0031.webp	takeout-0031	435c21d5a31f65d7c5047bfbd4aa6ba07106e3ba91eeb38e125dced950229b4d	unknown	nature
nature	takeout-0033.webp	takeout-0033	497b63034801ad541d288b552160f9571b3ae044209bd3e6fbfc65a05cb1cdf3	unknown	nature
nature	takeout-0034.webp	takeout-0034	f822b65bcc32fc08f731fa5bb14bfc8b7fc39abf6abf58b0bf8a4c49fdc48f13	unknown	nature
nature	takeout-0035.webp	takeout-0035	bd1714492abc0573f7504349662676e4e575752980042bcc32a13f55aa8f14c0	unknown	nature
nature	takeout-0036.webp	takeout-0036	5c9f34503fd250a1a91e03f4933fd529db9beac09bf3b3cee0f972d8efcac36a	unknown	nature
nature	takeout-0037.webp	takeout-0037	8c72f516ce0abc79219d602990b1b7a3c964dca057896abe8e749b3f2a47c5e3	unknown	nature
nature	takeout-0038.webp	takeout-0038	2074fb583dc3d58d75dc3a3c507243638dff8c7431e5989c7e0a34643807ac64	unknown	nature
nature	takeout-0040.webp	takeout-0040	353c88a08ad2d02bdb6bb618ed7e48fcee610085be46be3fdcb732ad2186b05f	unknown	nature
nature	takeout-0041.webp	takeout-0041	627ac81695ebef6c0efa3deb5f8da02be916425b6d25a33e5154707e22c1dfcd	unknown	nature
nature	takeout-0042.webp	takeout-0042	7f6c1dc9dee9bec27464412e47f80a55528540a8903038d53e6df8b074e38243	unknown	nature
nature	takeout-0043.webp	takeout-0043	01ef708f68f6c05b936f04c36384be0a4d7226ba34a8ffe57056a0afaee71ca4	unknown	nature
nature	takeout-0044.webp	takeout-0044	aa009179ec598a3f410f9a3a8a761181b133bf239fa48310e7ca7fb021aeed6f	unknown	nature
nature	takeout-0045.webp	takeout-0045	70d49700240ebcb4a57818b6d02e1ee2873cb0b14e5fc308ecfdce0ee0be4add	unknown	nature
nature	takeout-0046.webp	takeout-0046	228fc8303a6cf3314c20e035ba3eac56839759496fc024770e9934345ecbde1f	unknown	nature
nature	takeout-0047.webp	takeout-0047	3a74ece9933f60ce7730bb35344b87bddb78951b027523294ae6400812649f34	unknown	nature
nature	takeout-0048.webp	takeout-0048	59b46780674d232785c9f9723236cd05b2f59dcc318648e4a1613fc941bb19ae	unknown	nature
nature	takeout-0049.webp	takeout-0049	1858834b393839a808957a0cbb41d5f12c984c0fb1a754dfb531f91c1cc07c25	unknown	nature
nature	takeout-0051.webp	takeout-0051	4eac5e8b2e3fbc28a1ac92c8e9483da9aa49a3f8c06cee21111aa41800a7f624	unknown	nature
nature	takeout-0052.webp	takeout-0052	1260430f6f25edb7b9718b0d6ff3e2009fc63c24921d1bbbe2041804c0768545	unknown	nature
nature	takeout-0053.webp	takeout-0053	c38f4af1e47bdd738a2992d832c445b8b5f7e08f09047b0fc2c31e78008c22a0	unknown	nature
nature	takeout-0055.webp	takeout-0055	e0331bdcaf0778d7017508d6a5ca8f7fd56683ea571ab262f1fe6b9668bc6398	unknown	nature
nature	takeout-0056.webp	takeout-0056	848db9a5f4dafb971ef42050481e8a8a9205ae2901c8eecae847a1a27165f27d	unknown	nature
nature	takeout-0057.webp	takeout-0057	495854693a7443ce99269285d36167ea32eb3bc86cb6b24414e0475861743e60	unknown	nature
nature	takeout-0058.webp	takeout-0058	5479284bdf18d87bb2a5d13c8eedb32b087f122bc07050a5d8096db573e2c889	unknown	nature
nature	takeout-0059.webp	takeout-0059	1ddda5dcf6ef4dd9ad19ed796914d0ede7393c66318b2443172e9b651dfd9f24	unknown	nature
nature	takeout-0060.webp	takeout-0060	da8e70ac143b73f2c6345213f3135213cccaceb8497b9940c49144bd725cefc6	unknown	nature
nature	takeout-0061.webp	takeout-0061	99ad32e0742bc67079eb6ddb4610fc6eb16ec540a4bfc5b54e351e078bec21bd	unknown	nature
nature	takeout-0062.webp	takeout-0062	6fd9974f66f3f67e9c70eb97d5a83fe032cf0f376eea3aeb64dfba4a67114887	unknown	nature
nature	takeout-0063.webp	takeout-0063	bf1acc1eee8e543868f0a0b1653f2f1d01608e0ce904cb3ee6ec7b8534dc4e42	unknown	nature
nature	takeout-0064.webp	takeout-0064	6e266a9c07ac2b313fe911e6a2dc153e85bc5f3e53f1b0cd22da3a2595513c11	unknown	nature
nature	takeout-0065.webp	takeout-0065	6385f3666d3f2b80af78327c0765012f107b42f413982fca9590977861530091	unknown	nature
nature	takeout-0066.webp	takeout-0066	377780a224961650dee3a2538ec17d8233d5d0efb0df08ffd695ae69feb57c76	unknown	nature
nature	takeout-0067.webp	takeout-0067	1cee630ff329a1b5420d74af99a44d0c9b440220c486772896cf1bdbe69d300a	unknown	nature
nature	takeout-0069.webp	takeout-0069	2917b4acfe052cd49c57a6d7d71459b7a1b972c5fd2ff6b71a8ad60ceb7c12f2	unknown	nature
nature	takeout-0070.webp	takeout-0070	5d39dd389cba4d7180e7ea916d9fbe7e26c009f9e2aaa0a6fb4631fc5e367f1a	unknown	nature
nature	takeout-0071.webp	takeout-0071	d2d5fccee97e0d7566439683e2c89f3d66a7069cca2649d98cc53f78b6d64c0b	unknown	nature
nature	takeout-0072.webp	takeout-0072	248c8df1b0262d872b61bde8d84f22c2c37d9a4a1f483e036273b4a73019676f	unknown	nature
nature	takeout-0073.webp	takeout-0073	916c147c59621bf016f1355f1fe3a1ae50a266ed268261ca3d09bf203e7eb5c7	unknown	nature
nature	takeout-0074.webp	takeout-0074	61b87454a077998ca752b99494f077517b355d3204506bf72762a0d76f24e347	unknown	nature
nature	takeout-0075.webp	takeout-0075	495182f20e2c39fbe27d15e243682f609c088c40fde2edd0ebd6b8d2c552d5b4	unknown	nature
nature	takeout-0076.webp	takeout-0076	4394029744c2ed160796d660c8bfafa618b30d985d1785f8792991d359f3a4be	unknown	nature
nature	takeout-0077.webp	takeout-0077	0e314492845c1f5a9c2fe37548f61f026737fd94b963711a3dd794588f789fac	unknown	nature
nature	takeout-0079.webp	takeout-0079	de42b5fa0da0e7dccfe46636694a4ed475647a7871e1e6887f27812e2b37d492	unknown	nature
nature	takeout-0080.webp	takeout-0080	fe624accf638be7a4db5edd33117d16358f6afb19a0be17f0a3a64c73018c58c	unknown	nature
nature	takeout-0081.webp	takeout-0081	b93aa4f0ec207ae8ade8356598cdadae57348d0c0e62ddb71029046baa6435a7	unknown	nature
nature	takeout-0083.webp	takeout-0083	cd4cf380d900b2347ca585091a98e60a2568458b03f887da8a34292456b7d9da	unknown	nature
nature	takeout-0084.webp	takeout-0084	11e9f703f1c5fc32ca1d706958525b78e00ed6864d9a0897a6dbd750bccee4f9	unknown	nature
nature	takeout-0085.webp	takeout-0085	01127072ad0e11ba894f3fa44215ff6bfdddf97a08a138f263b88347b50f52ce	unknown	nature
nature	takeout-0086.webp	takeout-0086	f61777fc7feb10dcc2683c14432b135dac06f6975b27e201cc193a7c42c4455e	unknown	nature
nature	takeout-0088.webp	takeout-0088	365ff93278ab97fd9bcaad907c1ed2e4df4296a15564a2fa312b733d71f4193b	unknown	nature
nature	takeout-0089.webp	takeout-0089	134072ab8269cd0a5c4d1ac6f4475f98960efc512b06243eede5a51549997ca1	unknown	nature
nature	takeout-0090.webp	takeout-0090	544a0d4b2ae33a3a3a3434fd6605dccc6abf0c4ad0786a8d2f32a371ebcbe6d7	unknown	nature
nature	takeout-0091.webp	takeout-0091	a0c6f8bebd6984245f520eb849aeb8c2f2c8f5aca2d4f2754c194b649c2d8776	unknown	nature
nature	takeout-0092.webp	takeout-0092	d5c56235f2b9b13b963691779a415e2db2cf3a0a26d5a39ef6826d91d2e58e32	unknown	nature
nature	takeout-0093.webp	takeout-0093	209888f01e081f20fb0546332994102a19889b73c983fa63038788c28024b14d	unknown	nature
nature	takeout-0094.webp	takeout-0094	0e171146e3f084c1144e2b274a238a090877fb17c3c08350cba9004c3f21af95	unknown	nature
nature	takeout-0095.webp	takeout-0095	d87994d72f1368a24bb30e3a0810b41a8e114f1efc86a6fb8675411aeed735f7	unknown	nature
nature	takeout-0096.webp	takeout-0096	c543d54aaeee22c28341d14f8ebc9545c836c1d91e6b4d0247848a02af24685c	unknown	nature
nature	takeout-0097.webp	takeout-0097	51201b813bf23ed8dab32e0932557a4fa27d5cdaed7319442f6aa9228beabbcd	unknown	nature
nature	takeout-0098.webp	takeout-0098	78d7d2fcc1c30033501562799150bb8927a37e9e1647eaa130a6fcd9457556db	unknown	nature
nature	takeout-0099.webp	takeout-0099	6fb2ee98168fb8aa9f2e1b6d6644db924759d66b49139760c34339a47e20f578	unknown	nature
nature	takeout-0100.webp	takeout-0100	1d24e9d31cc89509135d89f68c97b5a0b69b5671d92bcee08a761b8f4b8128eb	unknown	nature
nature	takeout-0101.webp	takeout-0101	503e232795c9bb56ce24bebe0571b67bd41cfa29f7214025d82fd35873f10827	unknown	nature
nature	takeout-0102.webp	takeout-0102	26cee8f844887988f669d0dae4f4cba0593bb589ac465e739f23ba94a493a780	unknown	nature
nature	takeout-0103.webp	takeout-0103	dbfa8a7f0b5d2954b8e6f34d95aef49075ffb150ddc2e998cbba2f99b82a8666	unknown	nature
nature	takeout-0104.webp	takeout-0104	aa7c8c47a155e9d5d1a13a8eee7df1a0927d5c698d7008671cd4fbdda892d07d	unknown	nature
nature	takeout-0106.webp	takeout-0106	1e81cf705fc8934e2d7b93f9dab55be0e85e69540aad8b2e80b0959fd5fd8ed1	unknown	nature
nature	takeout-0108.webp	takeout-0108	4afa6848669509d9b7dd4ec340e4dd8a87f6cd12dcabd0245c546bff949eff37	unknown	nature
nature	takeout-0109.webp	takeout-0109	a9c0b506bd6c3f57b375ca4fcfccd53796741afbf36df26a966f183dc099fff6	unknown	nature
nature	takeout-0110.webp	takeout-0110	3ec15dc5cbbcd71af80575cd293ab501ff3d88ee51f6f8bb6de63c14cb906f54	unknown	nature
nature	takeout-0111.webp	takeout-0111	1a719258f72635d2b6c4405af4dc8883ff2e358efc9e28466a079c3cd24e01a1	unknown	nature
nature	takeout-0112.webp	takeout-0112	241b1b955643874295992ca66404593ce99e6dd31f7a54e49aa164f3e64737da	unknown	nature
nature	takeout-0113.webp	takeout-0113	229e7238a1c648891501830a7362b430cabda0a79cd72cc70b83988271ce95bc	unknown	nature
nature	takeout-0114.webp	takeout-0114	64ceac782e2295fb0added609055c115f3845a04894bf8f0d1d4f10b1de74073	unknown	nature
nature	takeout-0115.webp	takeout-0115	418c5d6405f2984df39a259dc2e8c85d4c835a3bf9c04db98104e3e7c03317e3	unknown	nature
nature	takeout-0116.webp	takeout-0116	77c1a9a0b6a0fb33adaed205930b5c6961062e058f524cbfe4f63f8acfe4bc56	unknown	nature
nature	takeout-0117.webp	takeout-0117	109e6c933c39731532a1c17ca7a00beb5cfaee546be62c7037900bf56502d727	unknown	nature
nature	takeout-0118.webp	takeout-0118	c24b52ee0d8b1fedca2b3c69a99c0d6e2ace01ae13e28df8c43918dbdfd2a165	unknown	nature
nature	takeout-0119.webp	takeout-0119	60259dfa8c0ab2fe68d6b770896214e90c9e261b2e0e20fcfe3c21bf55030d05	unknown	nature
nature	takeout-0120.webp	takeout-0120	2e7d539af5f8c05390c9fafcc184e707583fee323012826578bacc89402421fa	unknown	nature
nature	takeout-0121.webp	takeout-0121	69a2d557ad10ca66924470c378b763d62e3821da9cdf317bedf1ebd310f6ebb5	unknown	nature
nature	takeout-0122.webp	takeout-0122	f2c994c366eed7b457dfee8f31a2fd1bf84f450d745faa8eaf85234ff6bb38fa	unknown	nature
nature	takeout-0123.webp	takeout-0123	833208d2c5edb433d4e8c3fd105fcc55a6c3f910b75b4112c7f03f3093bc2d97	unknown	nature
nature	takeout-0124.webp	takeout-0124	ca3f1c425ec9c2eab83c41edbdaaafef67147b328e96e245ba90ce269595ba3a	unknown	nature
nature	takeout-0126.webp	takeout-0126	925de18da6ebd60ffc52dca517b08095d4496f03667c1e4874fd72ac3fd05f74	unknown	nature
nature	takeout-0127.webp	takeout-0127	1a6ac7a419bae415f9feeaa4c756f02736ea5bc4f1b8836ff25317d022f88615	unknown	nature
nature	takeout-0128.webp	takeout-0128	205769a4ab71fee8a68aaa36a1a41f81c77cc73adadf651db2b769a767a6a6ee	unknown	nature
nature	takeout-0130.webp	takeout-0130	b0dcab80eb674fa3057d324b7db09b4cbf3dcb3ff14a2869ec47606a749a6b50	unknown	nature
nature	takeout-0132.webp	takeout-0132	857143a7c8df4f5a76850a3b35371541504962916fb7be84532b9fe08b5e3b5c	unknown	nature
nature	takeout-0133.webp	takeout-0133	4d3ab989bd74efec803144cc1883002bc22f620e5deec8c4b84bb95fc45b33ae	unknown	nature
nature	takeout-0134.webp	takeout-0134	2666b7d582e91c94480eb1992ed49bdd4f3cbe441d229b8ce6e24b3dc4cf2411	unknown	nature
nature	takeout-0135.webp	takeout-0135	1e04c955a59e0083db8894ecb279906eb5650b1c4823904263c6b82a990ca21c	unknown	nature
nature	takeout-0136.webp	takeout-0136	9aca1246d31b3b4bea3782cf4157ca4180f37fd64112832afe3d0d05189dd1a0	unknown	nature
nature	takeout-0137.webp	takeout-0137	bc8c164538c0c2ea6de760a9157d35625974c1204f59f5d8cb4d564948d275af	unknown	nature
nature	takeout-0138.webp	takeout-0138	d8998fa4749c2a09dd02eb77189d7cc9bdb3cd6a09825d9e7ddb385f44dfea01	unknown	nature
nature	takeout-0139.webp	takeout-0139	006f7079edd2280cafc7ecaf9cb2611eb885b9b14e9694adbd716bc5c3f52741	unknown	nature
nature	takeout-0141.webp	takeout-0141	79b262690eb7ae71e478fdb13f4c47bb8a2ee3d388f9e4399eab9e0bf25fd522	unknown	nature
nature	takeout-0142.webp	takeout-0142	52c728dd1adf4f0f50147e8b17bc9df22191b584f695e317465dfa85df08e321	unknown	nature
nature	takeout-0143.webp	takeout-0143	9c014f6327c12510bba1f6128d537c16af5718d0050455d755baa3207b14d2c7	unknown	nature
nature	takeout-0144.webp	takeout-0144	c7fab9b6279f883b59a1d5e95611c911bfcd8384da9e81153edc1565fa0b7c15	unknown	nature
nature	takeout-0145.webp	takeout-0145	605207f5fbf4459a009a98d49070790f26acc0c611bcf491db201e74348f0fe0	unknown	nature
nature	takeout-0146.webp	takeout-0146	9d853ad68cca362b31195de58040d8904303167a0a71287059d4fb2320e3e5c6	unknown	nature
nature	takeout-0147.webp	takeout-0147	a1c5e03cc4ef8d8fa1fba855342f775aad55c80a2d759645bfe0d5169d50fbd6	unknown	nature
nature	takeout-0149.webp	takeout-0149	11c4c7f209d0ebaea2fadc8a30158edbe9e0d20ca59a7568a65b63d66139a2a9	unknown	nature
nature	takeout-0150.webp	takeout-0150	3032aff5a8c3dd68e24e31c6777dc4305edaed1f16c907dcea6fd685037c3c54	unknown	nature
nature	takeout-0151.webp	takeout-0151	839f9e6fb6646455fe5af3c2ca0a46fa77263ad7a5a068085651845fcd248e37	unknown	nature
nature	takeout-0152.webp	takeout-0152	2eaa056a89c2fee02912cb49a497f09bfdfebd5c30c8bd542c766738367a8755	unknown	nature
nature	takeout-0153.webp	takeout-0153	1ecd3daae3f179418c3245d17427e7c39e7d03ead5998e28f8fafdaa6f8166ad	unknown	nature
nature	takeout-0155.webp	takeout-0155	849cccae266951637d092c375370f525196d31f421affbc0bd3aef3f39b42256	unknown	nature
nature	takeout-0156.webp	takeout-0156	abda6bdd60d98d4a32205e86037ec2b5c1a1f9cf53c4a9702ca57a97e5cbd561	unknown	nature
nature	takeout-0157.webp	takeout-0157	cefb795e3f5522754f3bb70c0ffdb415435e3f507d530117e21d070d474567fa	unknown	nature
nature	takeout-0158.webp	takeout-0158	df998d1d5aaa5f9c22b5434ed4cfa2125bccb68051d3dd8cbc5feeba3a4fcbee	unknown	nature
nature	takeout-0160.webp	takeout-0160	6656a7a1dc87c443e13dd27956de63eb3fa45744e1cf93ebf93de8296436d058	unknown	nature
nature	takeout-0161.webp	takeout-0161	adcc2627dfd01a9b308ab90c4050835ff0f8494eb89a9313f6d9fd9b0810844b	unknown	nature
nature	takeout-0162.webp	takeout-0162	a86dc56d8625145068af25b9da1ab026d20ecbb937569c569140d3af6b3e5e12	unknown	nature
nature	takeout-0163.webp	takeout-0163	0086587a26aed752b2daa5081136fcd30319f5ca178d2f866341d72c734fde32	unknown	nature
nature	takeout-0164.webp	takeout-0164	f178a5edeabdefcee4e615205d932416a6594a5723b6e6740ff0f70c955d63d0	unknown	nature
nature	takeout-0165.webp	takeout-0165	17fbfaf1c8c2eabcb4f807a8a583387a8fa5a253d60af8ffff61ea74d3c31963	unknown	nature
nature	takeout-0166.webp	takeout-0166	983edfb86620701739fbc6b1c03f35481a10b08bc06966a64c7de4b0ce14b400	unknown	nature
nature	takeout-0168.webp	takeout-0168	af6d5d80d38f285c200ac38acfaa7d4f07cac5aa7c071fcd080567885888b95c	unknown	nature
nature	takeout-0169.webp	takeout-0169	b75d0e209f8711d39272283381208f2637993be0414359a64cfd9a8b0a32c39a	unknown	nature
nature	takeout-0170.webp	takeout-0170	2f1e60781d7cfe3aaf5cc2fc9fc4f0bc2be076c04121df42eaa34458af31c062	unknown	nature
nature	takeout-0171.webp	takeout-0171	fcfa748b43bdba9b06e058284a660d99d52f21d6fd7d89e02c1d1cff27b20b10	unknown	nature
nature	takeout-0172.webp	takeout-0172	64c0894150ea465a29f791769155e114c863266188377c6d5c96fef000736b37	unknown	nature
nature	takeout-0173.webp	takeout-0173	6c89fff31ac8aca9c56084b5343a7162d1305ca0632f347924575225b168ca3c	unknown	nature
nature	takeout-0175.webp	takeout-0175	0fb2384e0fb2086c6b918883895025d65cf9c58a7e7e11f90cbd6c63650f8a20	unknown	nature
nature	takeout-0176.webp	takeout-0176	df9e4dff40b13abadaa0c335810c5fba6aa111a24d2e14274b6b9bc30c21e148	unknown	nature
nature	takeout-0178.webp	takeout-0178	2afeb8811c832196df0fe8ced94a51e80b0c60e332ffabc0ac211d0cc871f99a	unknown	nature
nature	takeout-0179.webp	takeout-0179	55bfb8e7108d9dcdceb159e7862b0cdac00f87ea67f547317264ab641d55d594	unknown	nature
nature	takeout-0180.webp	takeout-0180	076c4c979bd3ddee14400073e560377f2d6594ee2cda0ecd3f20d4432db3e38d	unknown	nature
nature	takeout-0181.webp	takeout-0181	e796a888c4320bd875e3be7180f5d84d47575037fa1a40607b253d7ce9a2481f	unknown	nature
nature	takeout-0182.webp	takeout-0182	fb8db900884656326fde09f2a18f997e768b19dc49090a6f19803babd322cc4f	unknown	nature
nature	takeout-0183.webp	takeout-0183	6dabf945a3197400d5d3e3fcf56947201fa75a2fe819612106db1d687d6ce8b5	unknown	nature
nature	takeout-0184.webp	takeout-0184	5893f7d2ad29918abf5c3b72c7a6910f6451b3995d31f0aab5d33ce256c3cab1	unknown	nature
nature	takeout-0185.webp	takeout-0185	60d886668cd6d3dd915c259a47951d1cfccad32bb4a49d73f2af1981e045394b	unknown	nature
nature	takeout-0186.webp	takeout-0186	1f987dc2f602c908ceb68649884eba058e42db68c9c18810804a6aab88a96636	unknown	nature
nature	takeout-0188.webp	takeout-0188	a7a5d692daaab6b444a9d588afbaf49f1305206e6cdb29c4c6d0d302d0945c02	unknown	nature
nature	takeout-0189.webp	takeout-0189	afcd55dbcf43084610428f893fd27d6247124b167caed8fdaa9312750d1acc56	unknown	nature
nature	takeout-0190.webp	takeout-0190	f42d4fd1f887876ad530fc48115285070e4e0cfd620b1d429bb4ead93dc1556c	unknown	nature
nature	takeout-0191.webp	takeout-0191	2a590a37888180a2685fc420d5c6eef3269bc13b3228233f7d7f5d5956b5a46e	unknown	nature
nature	takeout-0192.webp	takeout-0192	ad245a206ab140a5d87e1d2050cd45e2e4bee548b3bd0973d8644506448da8f8	unknown	nature
nature	takeout-0193.webp	takeout-0193	69e40760d1129e61b7c2c0f5805c7cc91ddb21aeb31fd20db23697750121c5d4	unknown	nature
nature	takeout-0195.webp	takeout-0195	107271269de69fb992cbeb594a012b520dcca465db9cfa4967941f0a17482aec	unknown	nature
nature	takeout-0196.webp	takeout-0196	6a928752ac1dcf253463da6d4310f65cc934d1073cea37f8db3aae4692de107f	unknown	nature
nature	takeout-0198.webp	takeout-0198	2df468784618b2252f4a231fef80ed654e81b37e8f98ef0299e20c269fd54532	unknown	nature
nature	takeout-0199.webp	takeout-0199	a01c2eec47e37271b9ce568e4bb4deba7eec87171420d9f9c8632e6c735a5456	unknown	nature
nature	takeout-0200.webp	takeout-0200	6a2ace8833e8f4e10fd552c025b7be14f1f614ba77196cd39799338e4653bcca	unknown	nature
nature	takeout-0201.webp	takeout-0201	5a3cf06a3cf1e362520522d27579c7b52d695b0b7fc6dad552a44e4fbd01e718	unknown	nature
nature	takeout-0202.webp	takeout-0202	419dcd8c76c2b17a85da260592f4e3f59b1a6e556d4f6cf9ac4cd94d0d788e94	unknown	nature
nature	takeout-0203.webp	takeout-0203	21ffd3a9d1f93d7256dfa68b5a2b297e301fc8a77b163bca6d22320c9da845a5	unknown	nature
nature	takeout-0204.webp	takeout-0204	01fafe5bbce4f51a30be3e64a9621d5ee5ad7e729527106627ee58781d96a157	unknown	nature
nature	takeout-0206.webp	takeout-0206	f364093ca4d7c8635cd4752219d5fb3f5fe8a99499412465ad6d30451e62f595	unknown	nature
nature	takeout-0208.webp	takeout-0208	5449950570d4e230f1080309f9ceebbb226be148ecd23d8c5771d51b490f34e0	unknown	nature
nature	takeout-0209.webp	takeout-0209	fac3a309d4a3cc558892b5d03292bdb7894c37cf59a2c98938a77fc2b274980f	unknown	nature
nature	takeout-0210.webp	takeout-0210	cd0416899697a2d74d3457b633ac9f5655fcf667e8665a80cab83fc5c9f40643	unknown	nature
nature	takeout-0211.webp	takeout-0211	5c7fc4543c3bfe33d3517f4a7ea840a62a513e819cf7410ea198655a25065cb2	unknown	nature
nature	takeout-0212.webp	takeout-0212	a914834f32c851d02395b354bbe0cb432bd5d5288075e0865b79fd44a789b74b	unknown	nature
nature	takeout-0214.webp	takeout-0214	116614a67b7bdd7f954078f073fe83e9a3e3bf6645876c87e7a90ba36b48053f	unknown	nature
nature	takeout-0215.webp	takeout-0215	59328c7926caf3a66e3ee802704f056bafe19e89aa647692879c307dd2c6bb93	unknown	nature
nature	takeout-0218.webp	takeout-0218	afd2d0f8c58ba47e4a3467d36af1469375558ade6dd441b792d638dcef087a4b	unknown	nature
nature	takeout-0219.webp	takeout-0219	bd4afe1fc769f6fb33adae4dd58db95f571ebbb8e3641b68389c81e12f773e2f	unknown	nature
nature	takeout-0221.webp	takeout-0221	3de590e096303baabaf804155d77c590362884dd78112d810fe24a54715b7813	unknown	nature
nature	takeout-0223.webp	takeout-0223	b56ed7d30ef0c65648b42903a31f747382feb3eba773335e925c862af096c5f8	unknown	nature
nature	takeout-0224.webp	takeout-0224	148a546d5de2b223c8d6c02acb395955fb79b1552708af1f66efa6e121d081a4	unknown	nature
nature	takeout-0227.webp	takeout-0227	79a3d037f95a75f7292bebfbc22e8d1edb20a87bfd091e41da80c4eb7c2e97fc	unknown	nature
nature	takeout-0228.webp	takeout-0228	aa19bddab033ccbb0d974cc05fef59718273be854ac90f8d30ad91d484aa95ef	unknown	nature
nature	takeout-0229.webp	takeout-0229	f0d63332811d20f9866bb328b216e260d48f1ce9251535cd6ceb0645b87a47d3	unknown	nature
nature	takeout-0230.webp	takeout-0230	fd4ff1a5e916df56b8a8ce0af3772e25f90beac7ebd285cd7403fcf319122060	unknown	nature
nature	takeout-0231.webp	takeout-0231	6cc5ad1ce8824fb8ba368a6ab4cf3f20f9a01a265d47b5031440f75a168e5eff	unknown	nature
nature	takeout-0232.webp	takeout-0232	908d153ede6e3a728c2e942554c9378a86162bba06ad029d06193016300b727d	unknown	nature
nature	takeout-0234.webp	takeout-0234	e5b26553c5a714f2779def3853fdde08aa8abebeccd634cdf0e0ab0dbb614e69	unknown	nature
nature	takeout-0235.webp	takeout-0235	47131b8e30662bb5f1aa1da8a194cc765d6b31e17b18d35cded3140fca80e6a1	unknown	nature
nature	takeout-0237.webp	takeout-0237	dc7536ca3162bde9ac877a2b93186d1e351f9b29590df0626b734ac86c72d198	unknown	nature
nature	takeout-0238.webp	takeout-0238	642c25d752660068209975ae107f38bcd828fb817e59911988aafb2afae57da3	unknown	nature
nature	takeout-0239.webp	takeout-0239	3b4df4f12580e3b2232bad7840e27a0293f550aee6a24ac112541d0525a83134	unknown	nature
nature	takeout-0241.webp	takeout-0241	4fe19d004b714c81b7a2da6e22bf3da65601913e59867899209ba31ec4971ff0	unknown	nature
nature	takeout-0242.webp	takeout-0242	14ed926db3c192726b1eb7e255ca6311a8f334e9b20be53e44e6fbf92c9820d5	unknown	nature
nature	takeout-0244.webp	takeout-0244	a38104001154376979cc841bfc136287658831e6c5ebe7b870b0d0114d0a8235	unknown	nature
nature	takeout-0245.webp	takeout-0245	52c53425bf1cf404339a8c12ddd50afd7f71c5e36123eaa3df3d7219e28545a5	unknown	nature
nature	takeout-0246.webp	takeout-0246	e539484b352cec5c7625cd838464b2687c88754110c469e0d802b3ebbba45a05	unknown	nature
nature	takeout-0247.webp	takeout-0247	25f6d1870a12a1656683083dde1fb5a20dbfcecbf8d8897e341715850148d2f9	unknown	nature
nature	takeout-0248.webp	takeout-0248	2bce9211bff548b124929d81acbeb3d1902064a3f5482eb79f34d01ea67c0f7a	unknown	nature
nature	takeout-0249.webp	takeout-0249	6be677693b0fa367ac23388893c2a13612e0f8d41111128db673790ebcb205a4	unknown	nature
nature	takeout-0251.webp	takeout-0251	00292898ed179ca93329e375e1af05dbe7e59da18eca73a0c46108cfaa70cab6	unknown	nature
nature	takeout-0252.webp	takeout-0252	33c24fdd6a351b16930bd51583520d19f24a0403ac26ec624f4f4b608cc135f4	unknown	nature
nature	takeout-0253.webp	takeout-0253	765b060f9dc34079bddecd3321e566f151e9753b6459c04b2cfd540b89e64542	unknown	nature
nature	takeout-0254.webp	takeout-0254	d6f11f686c97392aca002e7a24f506777b6b4a293f16404e62bc215cee24560a	unknown	nature
nature	takeout-0255.webp	takeout-0255	4f951626ad58b6dda35f5d58de7a2ee8120513b2b02f5a5e18a8bc0903a021f7	unknown	nature
nature	takeout-0256.webp	takeout-0256	2d091001158bdde0408977df8b506e1ef227ca0bdce0bc0fb1449e39fca84e0c	unknown	nature
nature	takeout-0257.webp	takeout-0257	73060850fa68464bbfdc372715ce95a5fa4e44f2dcb32baf48ffe036302d8612	unknown	nature
nature	takeout-0258.webp	takeout-0258	858f91a54e5cc42eab858163d3d79c67832fc7c191ac2d72c7f0839cfe839dca	unknown	nature
nature	takeout-0259.webp	takeout-0259	5b84a5da8502e92b9e990d389b5282e0f750f2e0ac7a28c025246dfdedd34b15	unknown	nature
nature	takeout-0261.webp	takeout-0261	23f0e77255e899deea252720523fdf4ada90de7cb6b1bfb6ed89af125986d390	unknown	nature
nature	takeout-0263.webp	takeout-0263	bf8e80adb1539246fa7de7331d1eff5505b478bc469a1bcf722ef3ebf38b6c9e	unknown	nature
nature	takeout-0264.webp	takeout-0264	4f1c8d97d393401676e65d2a48789d2d32340a851ede37e060b6793a1b9dc20f	unknown	nature
nature	takeout-0265.webp	takeout-0265	5b2c1c395de8f5511b14063f13e3194dca37e83469867370cec9dc58e062601a	unknown	nature
nature	takeout-0266.webp	takeout-0266	e8d2e05723360a3e6126b2d929bb5c914f0e296e85ac50a2bdbf07e73e6e09ba	unknown	nature
nature	takeout-0267.webp	takeout-0267	52d6e9168a1d036b3d89b497200c9b07d1e959375e58fc7eed19e55658e65cab	unknown	nature
nature	takeout-0268.webp	takeout-0268	a0ef2397726200566ca30161679ab9e6d3bb927f1feb197703704d6bedf40529	unknown	nature
nature	takeout-0269.webp	takeout-0269	28191d9dcf4a2a9ab49f25799148e029bf7aa46a5b14c1ed61917453016db85a	unknown	nature
nature	takeout-0270.webp	takeout-0270	114d68d7ead6f7cf3be0d125b87430da4ec9f3ede47dc634b33c680f199d1777	unknown	nature
nature	takeout-0272.webp	takeout-0272	9ae1bb7657b558353de84fac4fdaf387cbdb5b55aec928a9635ccb81c6889ec4	unknown	nature
nature	takeout-0273.webp	takeout-0273	c41fbfaf281b0c11a7c02575f9883233ce9dff148ff8339165c2e9aa36acbeea	unknown	nature
nature	takeout-0274.webp	takeout-0274	3d9b1c5a541fabdbbd1fd3623005805915e4138f80223c44f50d2de93b894e7c	unknown	nature
nature	takeout-0275.webp	takeout-0275	0487de154e805b0920f8bfec8b493e550cbf92231dbe6681d2123a0d065c94f0	unknown	nature
nature	takeout-0276.webp	takeout-0276	b3a18daf937d1c0ac64958131b20117c6a1886f1cd975a470f4312b754d72a4a	unknown	nature
nature	takeout-0277.webp	takeout-0277	802d6a6b6a9a1537be26e2e40fb35df099dfc148f2f8244e4cc55f6f2c4b75f2	unknown	nature
nature	takeout-0278.webp	takeout-0278	4fc5da161c7c2f1141267a7eb337a7e1e69ee1ddd7f2b5242e10fb1f6fc73110	unknown	nature
nature	takeout-0279.webp	takeout-0279	4c71911328fce6bc9cbe38f60716b084d60e0d399a9f4b80745b03fb753f55da	unknown	nature
nature	takeout-0282.webp	takeout-0282	a5ec9dfa24099ae12fa78a718ccde5cbb0ebe1a5991de9195afb9190b90ef557	unknown	nature
nature	takeout-0283.webp	takeout-0283	1d86c4ce64ed91930b51ef5ed7b3a367e329d95e93d7de7ba8d8f72ceee92986	unknown	nature
nature	takeout-0284.webp	takeout-0284	006fef0b4186f05b63a4d9d3879fa123c7000dc8bab4ff55e4a29e3d1550fafd	unknown	nature
nature	takeout-0285.webp	takeout-0285	ffd41ef58cbc7c54a4764a5e66a4b5af033cee04353e6b7f1c5184d20f82c11a	unknown	nature
nature	takeout-0286.webp	takeout-0286	407aa7076eeb2678bb4712d2fde87915b9ff689c29f0a39362fa55f3c24a7686	unknown	nature
nature	takeout-0287.webp	takeout-0287	83798e51bb2a06d03ec0f057f7b4eb07402639880a690d11a122f424e54e52f7	unknown	nature
nature	takeout-0290.webp	takeout-0290	3c85895d6fac634ccab55f78a47dc96569c3b55b175a6f78c5bd8a4444804dc6	unknown	nature
nature	takeout-0291.webp	takeout-0291	4a23299509e21cd17becb45cc625e77d824ad61e91778697c3311ac2dad63f7e	unknown	nature
nature	takeout-0292.webp	takeout-0292	2eae9d30d755f83f134663173ef0ca1a81afbac7452b6fa7530bd4017219e333	unknown	nature
nature	takeout-0294.webp	takeout-0294	badfc788137859e2e73d35dda35e965eeecf8bdfac0209480cffc752b9e9cadf	unknown	nature
nature	takeout-0295.webp	takeout-0295	afcbd4d51a1b80ec36c39aaa70aa028e01f79c5f6ef9baef0cfa70aaf2d3e586	unknown	nature
nature	takeout-0296.webp	takeout-0296	85919bc740bc35b1c4a6bc87726af72e15c568452fc2f3d6af8f3f10cd2bef3d	unknown	nature
nature	takeout-0297.webp	takeout-0297	b7e3cc0d26a70120aed99123c6bf54ba66e691b0ad898585253a3b94126d2ff4	unknown	nature
nature	takeout-0298.webp	takeout-0298	5c317a08cf728575a247463f28a43b0eebafeaac17e86573785b7892e9221a98	unknown	nature
nature	takeout-0300.webp	takeout-0300	82aca88c7e5580f60eb7dbfbb009f803a7e91829bca6acfc43adacf577d6a90c	unknown	nature
nature	takeout-0301.webp	takeout-0301	45a47357528145ce27ecc0793b6b3725c1d84754a7f1e3231f7ea99e3d88362a	unknown	nature
nature	takeout-0302.webp	takeout-0302	250065932250f81a0958373bea2fbe96d26e96a5ba6a25a54c95ec0e318744d0	unknown	nature
nature	takeout-0303.webp	takeout-0303	9ab0579c1a1aefaddc1beeccba079e93f353a985f5170255185c4837a5c42079	unknown	nature
nature	takeout-0304.webp	takeout-0304	a9f466966dec7d4ca8214c6406007b7d925849c88873684f774ce8127b9a118d	unknown	nature
nature	takeout-0306.webp	takeout-0306	325bce44ea9f6fa03a77e1e83fa17fad27ef19c423366c32455b0faf7d685a3a	unknown	nature
nature	takeout-0307.webp	takeout-0307	9142411da1e819e4df68f6bfb00ab068d0290f8591fa0d5d35fef2dfabda9013	unknown	nature
nature	takeout-0308.webp	takeout-0308	391d9e6fe92439750ea5db8c1393851fa4568cf57f61b023453c655f12ab733d	unknown	nature
nature	takeout-0309.webp	takeout-0309	fe73fc5e0f1886562a3c2b5a0499bb072200b3470c2c450c0288c9aaeca742f9	unknown	nature
nature	takeout-0311.webp	takeout-0311	bee0afeb9ca17e7630ff00d3751e84cbabb666e883a9c8f2f8abe5a79506c1a0	unknown	nature
nature	takeout-0312.webp	takeout-0312	162772abd0e93a940e67788b58609ba7b7a4ecb30be6dab02d4fa909751af203	unknown	nature
nature	takeout-0313.webp	takeout-0313	2c74cfa30940905a4b6b5b72539cdce8ad3ac3d01acea9620ea2bebc872e548f	unknown	nature
nature	takeout-0314.webp	takeout-0314	dd0df2784e04fc4f941ebde10aba75260b7c3571db867fecdca074f3259f281e	unknown	nature
nature	takeout-0315.webp	takeout-0315	496253c6a0f08c284f47d04404e1899216081d14b722a9c9bc3bbad380f0d0e4	unknown	nature
nature	takeout-0316.webp	takeout-0316	ca2a45564274403c09ad19a1df81518d36eb0e377e35ae412e327c1c3a8ad925	unknown	nature
nature	takeout-0317.webp	takeout-0317	59fa2c737c6b4934c4784b7983b666dfc1224c2aff0c6be8b42a0b5f94e0d70f	unknown	nature
nature	takeout-0318.webp	takeout-0318	e12d1aea75d3ac2bb8ffd9ed6252a4ead1444be74bf484eba6034c1c125a5df5	unknown	nature
nature	takeout-0319.webp	takeout-0319	7f66f3f9041b15bab9e1c683190e9c3424d8e23175d683b4e9aa5fc84a71e391	unknown	nature
nature	takeout-0320.webp	takeout-0320	12d2aa9c2f97b579591ff4d9da6f42af2d434d4e3e6c28d7b4b53d4387a09f17	unknown	nature
nature	takeout-0321.webp	takeout-0321	c301caf8e8b331bf024af0188c801fd9c6794e27ed520a24a3124f1d262c616e	unknown	nature
nature	takeout-0322.webp	takeout-0322	ea14806bf27c18f7bc0736f22d3dd8d0875e5be2a4061bd529dc309abf315da2	unknown	nature
nature	takeout-0323.webp	takeout-0323	2121d5fb017de952d4a91de320d54731e34fbf4ea04284a10ff11091d6ceb55e	unknown	nature
nature	takeout-0325.webp	takeout-0325	b4e7504b62d09f35dff699ffa57fd13d0399528830b405a2fee752670d09de4a	unknown	nature
nature	takeout-0326.webp	takeout-0326	76612db7fb3a3a069baee18928fd720646bc78025084e9cd497baf4d85b2d21e	unknown	nature
nature	takeout-0327.webp	takeout-0327	56fb8181487366fd00c2725c29e0205ebbad463f0b1d03cbc9f6c52c6a2140b6	unknown	nature
nature	takeout-0328.webp	takeout-0328	d9527081ae56b37d3c872b5ca335152c30a991fce45b06d27c316b5bb4d04ccc	unknown	nature
nature	takeout-0329.webp	takeout-0329	4099f43c1ecd0b8647ad79154e0db6527310baa9a4e3425c5bcad0f3639e661d	unknown	nature
nature	takeout-0330.webp	takeout-0330	b8b7dbe1ab9e791602ad7436a6f8946f3c6e51d6d17e0a35475158c64f98b4de	unknown	nature
nature	takeout-0331.webp	takeout-0331	41186aac57c4f2ab158252510023178bdfe3714163d01021114681692cce9d05	unknown	nature
nature	takeout-0332.webp	takeout-0332	0bf68f30d9155aea586c3dec58806e41b79703f9449a0ad6a502347e95737b9a	unknown	nature
nature	takeout-0333.webp	takeout-0333	7add2f3b44c40bfb5a7c314308a92dc29b29654cee6a9c1c0b6a430acf32511c	unknown	nature
nature	takeout-0334.webp	takeout-0334	aeeafd388eb29774243bcf2f05bbc2ac3a1447258bba3bdab6f0ebf463944c58	unknown	nature
nature	takeout-0336.webp	takeout-0336	7889549abc6964ae0f04d0a551800f42c477be9e7a212ecea9093ef40bade8db	unknown	nature
nature	takeout-0337.webp	takeout-0337	b9996f242b5a2e1bb5eb543be12f724616737ee03926b9da76e54326b3925b8e	unknown	nature
nature	takeout-0338.webp	takeout-0338	e6deb3235a6578c406cd7134efbf88ddf78820ae1cd8a64c69e06d635de88b0f	unknown	nature
nature	takeout-0339.webp	takeout-0339	094d18c67f96ed64690c6b08e8f88bd46d924f623bbf5db6be28078a341e099c	unknown	nature
nature	takeout-0340.webp	takeout-0340	e1ae2df157f5b3ba2cf400441763a54af6ae5fa7162ae2095d401296eb5bd535	unknown	nature
nature	takeout-0341.webp	takeout-0341	b1cc501fd6c90f788dc0a8c06ce3a2ac9afe1c88d0dc5503f15d3b09cca7651f	unknown	nature
nature	takeout-0342.webp	takeout-0342	01ed5c600010dc067afdd6f169faa0e6e5bfe2018d14b23ad8a20866d1d96388	unknown	nature
nature	takeout-0343.webp	takeout-0343	f3ac4789ad456de8c89c0389748e0c25f71ea3d163c1df48e858763b2d32a62f	unknown	nature
nature	takeout-0344.webp	takeout-0344	98bce2d5fc5ea4fb123eba98a9bcda3977a41659e0bb85d9ec4c1269c1094ada	unknown	nature
nature	takeout-0345.webp	takeout-0345	ee1c30bf2193430f7584bbd0b9f7e1e069c2392fc1d83a8a3317c360f630a7cc	unknown	nature
nature	takeout-0346.webp	takeout-0346	ab4856537713d14444efb80490f0fb0d519efac6fa3e80269e8e878dc6b05110	unknown	nature
nature	takeout-0347.webp	takeout-0347	64a094a6739399f19a414a49917b188c76368264af445a052788f9d62ad8fd45	unknown	nature
nature	takeout-0348.webp	takeout-0348	c949bb70a064132a55521c3eef229cb3f27e62ec1bae906d5ed7abbbebcff179	unknown	nature
nature	takeout-0349.webp	takeout-0349	db9104d6b462db3389053100326e1a3f31367f273b57ea59e87d8204c442b849	unknown	nature
nature	takeout-0350.webp	takeout-0350	9e737043da7bc1d3183db2000c468d9f6f3c0228282e1f6b7ddcac54b5548edf	unknown	nature
nature	takeout-0351.webp	takeout-0351	bf1533010872d9e8666dd615fcc45d8cec71aa7236e9c0281ac2e2b1b276c0b2	unknown	nature
nature	takeout-0352.webp	takeout-0352	09e5b35df481b30cd799ceb6e42654291cb0cef59ad341555b494573354d7be3	unknown	nature
nature	takeout-0353.webp	takeout-0353	49c8de5cb1d68beb91986d1746522585595abfa1c141808ecbc15e49a033c450	unknown	nature
nature	takeout-0354.webp	takeout-0354	941cee7ee77c7deeb2e8606dbfef0bafcc16ce3606848e82452a4e2726600c45	unknown	nature
nature	takeout-0355.webp	takeout-0355	7fde280c4df5e3f735130e4c8b2a63f02a7249f26ed2cb1d5ea148aea7797461	unknown	nature
nature	takeout-0357.webp	takeout-0357	9f419a91fbec82c6af2431867d1dc8286a8afae45e17f02ddb4549f13597cabf	unknown	nature
nature	takeout-0358.webp	takeout-0358	1cdb5967d50c2229f709604c74bc8dac630490078ff9ee8ce901eb6f267488f3	unknown	nature
nature	takeout-0359.webp	takeout-0359	89717356119f6c8f73ee74891712c1afcfba758bdc15d1b4d6e1cdd6cf552670	unknown	nature
nature	takeout-0360.webp	takeout-0360	a1499c9bfb755ba58774ae92710d0810f6bf535977d37b17b844897301c797fd	unknown	nature
nature	takeout-0361.webp	takeout-0361	9eb102a687cf2e0cbe6225a724f87a8cf13e9b8d3b72137ff8fed279b0cb4dc5	unknown	nature
nature	takeout-0362.webp	takeout-0362	aa6ca98b326d622fe76e4af4c50b8b81cab65c17e8d327e50672f809e08519fa	unknown	nature
nature	takeout-0363.webp	takeout-0363	604334cbebc67a6fdd1974753d435b352246d06f7af2ace40b499e384277804c	unknown	nature
nature	takeout-0364.webp	takeout-0364	2f7a43bf0aa56e6c8d02b0f988052e558ad2d20dc6d867e0d322bb66c262fe0b	unknown	nature
nature	takeout-0365.webp	takeout-0365	0f72a05dc2e851a1ce49e7bdbc377d267bb9c2c1eda6ebbe07dedf99031daeeb	unknown	nature
nature	takeout-0366.webp	takeout-0366	6b10967925dc9329180654f9c87d0b6528642e090f814df229b44d2c2a29333b	unknown	nature
nature	takeout-0367.webp	takeout-0367	8cce1a729ef2141d8fc7ef7b79a631966dcbb0430a9e1bb69374e584b872646b	unknown	nature
nature	takeout-0369.webp	takeout-0369	e0c2808f7d0de98e3b01154e0665ba8a83fbb285d7099922625c5940f5c100f9	unknown	nature
nature	takeout-0370.webp	takeout-0370	2735b90371ecac719af85d87e3b55e9461e9c6ea7611782e0e239701118396e6	unknown	nature
nature	takeout-0371.webp	takeout-0371	855345e56701b21426833111693cfd73e4f8b9ab5d7884e3365c8d200813ba6e	unknown	nature
nature	takeout-0372.webp	takeout-0372	5568b0a4b74699ea430fa5e299f2f5cbb11529a68fc18ab1e09ee4d58d8d6c09	unknown	nature
nature	takeout-0373.webp	takeout-0373	5caed7ab5ba9837d705de88fe05e1534dbcca61001c0a8afc5609f2d3ea49ac9	unknown	nature
nature	takeout-0374.webp	takeout-0374	ae1314fca384c10be2274238fb74675cac92c07f67113205e6104343586cd607	unknown	nature
nature	takeout-0375.webp	takeout-0375	2c8fcd262deb8500fa47154565fabd80f79bc82fb7e5b38a3e3f3edc17219889	unknown	nature
nature	takeout-0376.webp	takeout-0376	461f21c26c7640c96e38db4dfd58c261767dc9680d4f7e5c87361effad9b0bde	unknown	nature
nature	takeout-0379.webp	takeout-0379	192c80ea49556364a58b7c0eb893fc0424b4ca0b1f9e662d70f03049a1effab6	unknown	nature
nature	takeout-0381.webp	takeout-0381	9f29f4b164f05d267159cf29d833832118a2b5d212456e8c2aa71d54d553df3d	unknown	nature
nature	takeout-0382.webp	takeout-0382	e799670c1d0fdaf54bba4fdfa597908f55d0e29978c5ca697ddd0a142357e673	unknown	nature
nature	takeout-0383.webp	takeout-0383	6549ac737edb0a9750a758d4551a26841476603792c99f5bf050fa43cc377db8	unknown	nature
nature	takeout-0384.webp	takeout-0384	740d36a4a7acc819867c3894de5a2c1451fb0401b139db268f2d1329f8eaecdf	unknown	nature
nature	takeout-0385.webp	takeout-0385	32ec20f4ddda012a09a1f0a97cfc707d1b0eeee1aae844ebe353999a85a59506	unknown	nature
nature	takeout-0386.webp	takeout-0386	cde6b55ca8b91ac30d8b38e3c5131fb1a39ecf9d5842051ffc35060e58c87075	unknown	nature
nature	takeout-0387.webp	takeout-0387	ab1036846246d0a3548bc686d07348c1a23c045cda2f1a00743bc891f29dd987	unknown	nature
nature	takeout-0388.webp	takeout-0388	3fe43172a4604b0c235e5d67fdfcdefc38ea0111bf752cfd750e8bbfb249c7a9	unknown	nature
nature	takeout-0390.webp	takeout-0390	884ca5e13b8f50d4dfa0a6d458e4fc0ff44400ddfe9e14a62a2df8bab8b04f72	unknown	nature
nature	takeout-0391.webp	takeout-0391	90ebfb765e3a8ef2d42684f02d01f0140d9b092f3068505e7bd0414b5e15e6c5	unknown	nature
nature	takeout-0393.webp	takeout-0393	defc5c25668fffb633bbe0a59a3ff89a13fb4f2b5d460447ecb57e37d9e1a839	unknown	nature
nature	takeout-0394.webp	takeout-0394	5b101f82502dfa51b4d96eb3e6061c925b9623bb1a74b2d4059b3896c2d15831	unknown	nature
nature	takeout-0396.webp	takeout-0396	9447d92c16cd1db1f361b8fc4877d0c1621f4789ea5957e63d51b2428ab25996	unknown	nature
nature	takeout-0397.webp	takeout-0397	bfcd33406c611bbce254af52ddef670e46067a61dae552eec03f502809a07253	unknown	nature
nature	takeout-0399.webp	takeout-0399	55f54822609afbf6e7a6240c8859ebbae28fade247a3e987acedb5987c4f0c38	unknown	nature
nature	takeout-0400.webp	takeout-0400	b038b8dff6cdbe96ae0550a39cc7fd21284ed91da836a59d8867fc0eef0fd13b	unknown	nature
nature	takeout-0401.webp	takeout-0401	9dd7fd4f264e90a63d1a13b608ad59d514408a21741c4723db19c7be1f2b36c4	unknown	nature
nature	takeout-0402.webp	takeout-0402	9aec2f3c080055ffdebfe7f454f9f5178fb26f27f92dc56a33f20785e6630196	unknown	nature
nature	takeout-0403.webp	takeout-0403	9af96c776b292e102d97f472bed9fdb785e82e8c1848adce550f07deb515d619	unknown	nature
nature	takeout-0404.webp	takeout-0404	c0e11fb17747a6c9629ed67744191ebbee9c7f734c911ad16d60dfc0eb8d1e37	unknown	nature
nature	takeout-0405.webp	takeout-0405	3587987f379c9fc18155d5f8464b79097f03fe3a332187177fd975fb51b8eb1b	unknown	nature
nature	takeout-0406.webp	takeout-0406	32dcf24eda0df9b98cebc6448b6a21e0bba173107b1670fe760af6c87ca0c7dd	unknown	nature
nature	takeout-0408.webp	takeout-0408	c096ec9142c8475ae8f2abb7f59de1060a6399f44c1aefc462cb74133854d9ea	unknown	nature
nature	takeout-0409.webp	takeout-0409	1dc82d5b083f42a8c78000576f22fa82706e13548fb5ede80b5d5e381e96d5a3	unknown	nature
nature	takeout-0410.webp	takeout-0410	dc2bc99fc5a245f9c0d08b56edfd144a5607b23b70002c717d9a612ec7f08ccd	unknown	nature
nature	takeout-0411.webp	takeout-0411	c7a6512617a808a6e0c8187454687a82b863e632f22ea909a4a07ed456f75bd7	unknown	nature
nature	takeout-0412.webp	takeout-0412	4803c50adc34cd16beb83dc9c649c835e44718e9b6fc41917d8bea0832d6a404	unknown	nature
nature	takeout-0413.webp	takeout-0413	b02507e539e8583a9d82215c6ce252f9f5ef3e2cbcf77b467d77656476fb94e5	unknown	nature
nature	takeout-0414.webp	takeout-0414	264e01aa73d063aad85994a04fe8a83ecbb3ce03ce32424d6f657f7310af5124	unknown	nature
nature	takeout-0416.webp	takeout-0416	a20bf5b1ada10197622b038e32adebbdf74c807e5eab03fd0368e9ef1d75224f	unknown	nature
nature	takeout-0418.webp	takeout-0418	4bb0902ba8ed3ff3cad023fdeab1843da5ef53853f7b3eb57d3176d83ee81a43	unknown	nature
nature	takeout-0419.webp	takeout-0419	e449c02831574df404f153eb15e50741861f6cccfb6c1d22e2d7d1cb7154c693	unknown	nature
nature	takeout-0420.webp	takeout-0420	69a77f83dcea61f050426274842b55e7225dfc835347d42413e5118bb32ef5f0	unknown	nature
nature	takeout-0421.webp	takeout-0421	94d05ea8b80a6c4c21239c5fb98849e2ec106cc32aa6cbaa63850906a4ec6a44	unknown	nature
nature	takeout-0422.webp	takeout-0422	af20cef71e11505cdadb9c78a73a612ef2a94affdf3ccdb7f0d1501918b05ad1	unknown	nature
nature	takeout-0423.webp	takeout-0423	f861f9694005fa9c047d995ca4cfd0dbc487964f7fdee196b82971017c604880	unknown	nature
nature	takeout-0424.webp	takeout-0424	363d7d6b8a9b7799725014ce4eacf160578384a165fed5f0f906b4e79d1ca299	unknown	nature
nature	takeout-0425.webp	takeout-0425	a15d6edbedd4b0d2a850c07b01152167a7ac469a78d52c098872bad93a89b6cc	unknown	nature
nature	takeout-0427.webp	takeout-0427	fe23d0204a623716b7ccd1924573841c6db0ed541153a7ddfe24205532b7b863	unknown	nature
nature	takeout-0428.webp	takeout-0428	9242f55783a7a55d5bb0387ecb003b249236ac742fe6b006ed03641629eae2d9	unknown	nature
nature	takeout-0429.webp	takeout-0429	4f638fba65510e3f205622abcc6cde97160bc1f163e6da16b17ed500c0939052	unknown	nature
nature	takeout-0430.webp	takeout-0430	36815dc31d4bee6590bd9ae44bd266696dd2712844ffe58129edfbcb4154cd0c	unknown	nature
nature	takeout-0431.webp	takeout-0431	8c8d163e3f75e99f1ccf51f498e653d42041de2a1b48e930fb37692e166206fe	unknown	nature
nature	takeout-0432.webp	takeout-0432	c852df0101ce3dab8c05aad46f7f8c2d8301480e9340be2f70e6db77ab3c7326	unknown	nature
nature	takeout-0433.webp	takeout-0433	687b7733811a25aafec205da8582b25c08efcd18234c4d04b468283b5a98571f	unknown	nature
nature	takeout-0434.webp	takeout-0434	c2f5114583655c2c9f636c2107bc0c98beddfa17393f1ab8d59aa5b88287a8e0	unknown	nature
nature	takeout-0435.webp	takeout-0435	4d5b5f1bb9e099e09a10cded5beb3293bd37ba813f9995963f6d1640b3fe9be9	unknown	nature
nature	takeout-0436.webp	takeout-0436	c568e0447586f1a326f3b6154c6c174ba92ee129f893878daf3c47efd2d27f0c	unknown	nature
nature	takeout-0437.webp	takeout-0437	54a0269d21329a4fc484d3b8dbd0f6566c6338da3b412164eb27f3ade76d2e78	unknown	nature
nature	takeout-0438.webp	takeout-0438	ea5e2a445644e9ff7d8273c68bc6e7dff3493f31a49c42a72ab7f081ea585854	unknown	nature
nature	takeout-0439.webp	takeout-0439	7ef0ea6a29eca726f29894a9ca8b88609f19e0754173271cac8152d9e8af6ec5	unknown	nature
nature	takeout-0440.webp	takeout-0440	e76f8abd5a55c63fd3ba0065adad2b0ee455adae89822dfb102e3cb2af12098f	unknown	nature
nature	takeout-0441.webp	takeout-0441	3621396ec5e6fa1ab55d0a8f773f8a8804f72a8a5a4e80f14e8fde4d0a2e389e	unknown	nature
nature	takeout-0443.webp	takeout-0443	802c1a96512a93cbb5c3664666e69adb61962d294729359c26f42df744fa720e	unknown	nature
nature	takeout-0444.webp	takeout-0444	8a5873b754dace6cad34303c7e57946da7fa51d7e88ac8b92a67645a032b067c	unknown	nature
nature	takeout-0445.webp	takeout-0445	51b6c0ecc2c29cac60bd2c5653990a2cbccb11ba7827dd365ece2c32871ca0b7	unknown	nature
nature	takeout-0447.webp	takeout-0447	376c16a9d748c9e62ac4d790b809146ab672fdb365ff826da1c482bb8988a95f	unknown	nature
nature	takeout-0449.webp	takeout-0449	0f1009c646da7b547581fb7177de70792d2888fa87cedcd80d789203b8cffb6d	unknown	nature
nature	takeout-0450.webp	takeout-0450	8c81bbe79115fb43689ab2053df583b2a2d04f34450401f3433865641053daf5	unknown	nature
nature	takeout-0451.webp	takeout-0451	e7614e667a00ffc51427eb8c1eed8ed1a5bd7c015fbb3b7895f7594406d2875b	unknown	nature
nature	takeout-0452.webp	takeout-0452	5d8a3a9979d3533508f0b36076d25699deaf99a915ea445e1cb2daa3925497ae	unknown	nature
nature	takeout-0453.webp	takeout-0453	c9f796a15a7843e2da00886fd1e5435958cd17403313ae2eb077b2644277ccb1	unknown	nature
nature	takeout-0454.webp	takeout-0454	edae1dc1759c55865974016f3301bff39a0d96538f32b9ea215269792e8046f6	unknown	nature
nature	takeout-0455.webp	takeout-0455	976a5bc31fe2d02cad02ff6012180a10d46b5c43f59f6c81d8b42d56b04e93ba	unknown	nature
nature	takeout-0456.webp	takeout-0456	de3eec60fd8af3a96c242cf6b69a056901fe78e88f226df9476032f801dea6b4	unknown	nature
nature	takeout-0457.webp	takeout-0457	6bc594e234acd299cd7a783a3c108f90c213080fa60b90ebb0612ead671625ca	unknown	nature
nature	takeout-0459.webp	takeout-0459	10ba2a2f255ef3e9563ec8a232518bce2e34575252acfc57de3fd91ad972e931	unknown	nature
nature	takeout-0460.webp	takeout-0460	1d4195daf9bc024dc734fff7423334f9a0f69241f00f9bda5222ece5ee2f36ab	unknown	nature
nature	takeout-0461.webp	takeout-0461	d5d491d4139999254f49106d4445438b016d0693b1b40623e63850e92ef58fef	unknown	nature
nature	takeout-0464.webp	takeout-0464	9da35a38b232cc0f5e63f27acd583678cc926d676cf6176c138dbf57c5dad4cf	unknown	nature
nature	takeout-0466.webp	takeout-0466	3ad5a52923c79c65ab42ed1b5de3e8b3dda77bd4a2d75f162397eed5624767c7	unknown	nature
nature	takeout-0468.webp	takeout-0468	b57c90fce9c162022f6d1b927c1ff1117f9f268adde8ce00875be359c9a31e0b	unknown	nature
nature	takeout-0469.webp	takeout-0469	800bbfb83a2cd28011d9fac6046f652902f93d71cdbdb308cecdf8dfe5b23e6e	unknown	nature
nature	takeout-0470.webp	takeout-0470	141cc429484ef5fa7e6b46e900b6f6733becf635a44c83f9ac771e0c7382545a	unknown	nature
nature	takeout-0471.webp	takeout-0471	7cff6358019606a6ed599a1869f54ad71f39f1b87e9d7d50e6348852b06c2d4b	unknown	nature
nature	takeout-0472.webp	takeout-0472	327b5441022cde825f415d8955021edbe0e6a0f1f059e9b04d4951cb1c024038	unknown	nature
nature	takeout-0473.webp	takeout-0473	a6dd56738263260a6cfa015e1bf48ff146faed8984744770169f2def2dcad753	unknown	nature
nature	takeout-0474.webp	takeout-0474	16269be08f40ba83946bd55bf4db1ae31b1d9c95cbd75625d6877c00976070b6	unknown	nature
nature	takeout-0476.webp	takeout-0476	2dfa0d7b7e69b815d66532efbe5fa7220bf5ae49924ce3221ca7476151be04a1	unknown	nature
nature	takeout-0477.webp	takeout-0477	0bb63ba77aac8dc1073c32b30dd5426ac40b318fa19fa8f04a4523b401e4b29e	unknown	nature
nature	takeout-0478.webp	takeout-0478	e9104964d1813edfb47f7bfa2dac81f5aa1c5fc8d42b76c7bed56fe57ac9baae	unknown	nature
nature	takeout-0479.webp	takeout-0479	04a253fbdfbac54332b6f91aef6f66c92c9d0e5e8c326f87da1d57e38ab69319	unknown	nature
nature	takeout-0480.webp	takeout-0480	d819e5424f35900a9c655f436f20b8a25550a39a1a0492a2b53ce7ab7f655f80	unknown	nature
nature	takeout-0482.webp	takeout-0482	f0f61f9bf01c2c669ca2841c21d573ae1de432ec79e7ec12f7bac5820ffdbebc	unknown	nature
nature	takeout-0483.webp	takeout-0483	9bfc709e1068bf0eefa9d3c2af9a67f9840a9d3801ca2752f020a4893823ea98	unknown	nature
nature	takeout-0484.webp	takeout-0484	27f20199e0a1cbfbf026e37062c76a91a63d1c65ae0d02a20c7a069c700c1bb9	unknown	nature
nature	takeout-0485.webp	takeout-0485	37b906008e7fc51a01a841149300d846cdc0dd7c0e789a40201886b48950e273	unknown	nature
nature	takeout-0486.webp	takeout-0486	cbd60b9d3af7ddc5a9f0b0a391ded004878faeb62db80241bd491673f946ea2b	unknown	nature
nature	takeout-0487.webp	takeout-0487	74d0ee0ba2e12d8e269e3eaee40e69e7179e952f88ed07fda221c0d39ce29390	unknown	nature
nature	takeout-0488.webp	takeout-0488	ec719c8ea66c3f2b6d2f5ca0fc5b3d4b4418de5d881db27c1ddadfad9913d168	unknown	nature
nature	takeout-0490.webp	takeout-0490	202ed98647422e007c6834d991abf31db20a5ce2c784877dedb9c3defaf60ee7	unknown	nature
nature	takeout-0491.webp	takeout-0491	d3c7b77bb43d7714e80f57b13bf15aa4203532bd7d69dc3914b0df2074f61c4c	unknown	nature
nature	takeout-0492.webp	takeout-0492	079494b3055ebb43d44ad4eb64ac5ae28d12517b67f1c7e6a439e3324995ee51	unknown	nature
nature	takeout-0493.webp	takeout-0493	79e92b1a567eed88b5742feef61cec8fb346fceb01d032b207e5df4ab0778027	unknown	nature
nature	takeout-0494.webp	takeout-0494	b9fb66057ea3b1bab12fccca49e969860acf62844f83d0b6a2952ea3a41707ae	unknown	nature
nature	takeout-0495.webp	takeout-0495	ce5d24907c007d09edea762b540e59474c0c94f7fb75299c99950e3992f81c7b	unknown	nature
nature	takeout-0496.webp	takeout-0496	160765dce7f95096e70459e84b8a97a0fdc7ea5411dc497c5b1bc8966c20c8eb	unknown	nature
nature	takeout-0497.webp	takeout-0497	009dddee02b36cd9de09f61f4664bbec2cdae29e3dfec3e00c1f98e06869de70	unknown	nature
nature	takeout-0498.webp	takeout-0498	097c2d4c1fb6e32f7fe06f2dba1cfbf9d2afac1dc4beb8b82c5b6ae16f11b753	unknown	nature
nature	takeout-0500.webp	takeout-0500	024885dd9b9f1df962ad8f65de07129f6ae4f63153daee20247566380e40e6c0	unknown	nature
nature	takeout-0501.webp	takeout-0501	4315ff3a03950c0160e13dbdf7b87e40fd950e8f332fa33dccd8a4ba5a60b696	unknown	nature
nature	takeout-0502.webp	takeout-0502	e4b9c47d0f11fa12da40da4582e8da2c2bf3efe541c32467806f12df76bf3104	unknown	nature
nature	takeout-0503.webp	takeout-0503	4cc9c1eb9ef008c9751b0276e0206359339e2598fdbf5aa9c9374de9bb6914aa	unknown	nature
nature	takeout-0505.webp	takeout-0505	29a27d940e5391e7374c172738ab501298fec4daa0defba9d0ce8308fd87704d	unknown	nature
nature	takeout-0506.webp	takeout-0506	a3a758aa9bfdc479021394b4770c9ead8438048a10f7ccfad22afdde26812a7d	unknown	nature
nature	takeout-0508.webp	takeout-0508	832d28d291915b8b789993f40224366cf0bdee83e17ec06443cc5d85c2d06fb1	unknown	nature
nature	takeout-0509.webp	takeout-0509	d861ced8163e17603032ddf45b3fa8f18a036f3543fb181fa445a21a2a62c399	unknown	nature
nature	takeout-0510.webp	takeout-0510	0c89462ecfa189d0a766d69aa382ff6e265fda587a97035a6ffe3622957e2960	unknown	nature
nature	takeout-0511.webp	takeout-0511	6a4fa72f5206e505bd59fd33fe06ca27dfae22f89f6f277e1d08ed21342a91b9	unknown	nature
nature	takeout-0512.webp	takeout-0512	323aa529e7d41bfc7fdbbfec3e766bf726cdc2fae359c96fc2c2a3899f64ed6a	unknown	nature
nature	takeout-0515.webp	takeout-0515	20e974bae2dbcab6c5ee6fa2949b18905aa8d14e130c4839f7d65808045b4f35	unknown	nature
nature	takeout-0517.webp	takeout-0517	f8b76ce4c7e41522e0a8812d5bd0480bf3199950acf8d6b00a5aceace67f05c0	unknown	nature
nature	takeout-0518.webp	takeout-0518	40fb99019e35e87e015e702afa87580f03563c3d43eaebde6dde86599f96b2d8	unknown	nature
nature	takeout-0519.webp	takeout-0519	dc5231f427ef5a8266deb72e6f4e1b6f5e40ef6fb3e227fdb067ed0639edbc79	unknown	nature
nature	takeout-0520.webp	takeout-0520	06144a589db52044328858fffce4323980975dd882c596334ca1f01d9ea2e488	unknown	nature
nature	takeout-0521.webp	takeout-0521	3e63aff2f2f6e9760558a128b1c4c27c55a1138997c5e4ad8311969dde5bde0e	unknown	nature
nature	takeout-0522.webp	takeout-0522	06772f737b2393858fe1929cca77454e8b8b63c9e2ac9c3d543397405e60d4d3	unknown	nature
nature	takeout-0523.webp	takeout-0523	b88585f41705c9c57ed6533ade6895bd36286a8cd3660a133e19beed6589fc94	unknown	nature
nature	takeout-0524.webp	takeout-0524	e4e0b8057ea906ee7a35aebe097e94bf44f2d23099031c5f43580f9711787763	unknown	nature
nature	takeout-0525.webp	takeout-0525	c011c621d6df1dc74281a0f7be95b5ad65bded2fab9af707099faf8e4e7c71a6	unknown	nature
nature	takeout-0526.webp	takeout-0526	79269b1361747bd63810f368432bb5a756b39757ef109d9c627bf5650ce451d2	unknown	nature
nature	takeout-0527.webp	takeout-0527	301fe637964661d64fcaab23c3c9d4650194b854cf599d1cead3e9eab86d9305	unknown	nature
nature	takeout-0528.webp	takeout-0528	41f8124449244bef6370dd206882a1424395d4a9524723e6d7fad27c0bfe45b6	unknown	nature
nature	takeout-0529.webp	takeout-0529	3e06aad03470ef959a22b66ddcc9698ebf7a74e06ebf8d707b1ee6f296948f8c	unknown	nature
nature	takeout-0530.webp	takeout-0530	3272e413c445944c314ff424ac28273f42b03122023f7e9020af5876d1d720be	unknown	nature
nature	takeout-0531.webp	takeout-0531	f9e50830d2096e91a79f31e7fa0030092f5168c5ccf7bfd2d0457b1d32d9bdac	unknown	nature
nature	takeout-0532.webp	takeout-0532	6e36f89eb826d243896d1dc8f0c8032b121f3f30581be0d7c7ed28e843545369	unknown	nature
nature	takeout-0533.webp	takeout-0533	e53fae09752b1b506d5bb3921b9d78570999b156bbec2f9423e758065694336c	unknown	nature
nature	takeout-0534.webp	takeout-0534	1ae40fc9d40ae89cba4fb13ee95335f4b08bcbd59aa4eded1f91a645b5e781d9	unknown	nature
nature	takeout-0536.webp	takeout-0536	0b3b51a894724f56d9b8c0f3cb01118fcf54b5d00a690f017d1eaeeff5ddb265	unknown	nature
nature	takeout-0537.webp	takeout-0537	c79237c0cf870613eb7316aa392c80372a265850664ef265b9104e8612611eae	unknown	nature
nature	takeout-0539.webp	takeout-0539	a11c0370031cc6cbc7a25aefca90c41a29295d9cb09b480d4fba73e900669219	unknown	nature
nature	takeout-0540.webp	takeout-0540	b2d0127e441530df6e23f6d789583a1427b0e28664f5ffc8e1b89b4bc4fcb227	unknown	nature
nature	takeout-0541.webp	takeout-0541	c75f966fcca0555d378b702e017c09a89a11007810d83bd391eb91f685a6075a	unknown	nature
nature	takeout-0542.webp	takeout-0542	3386d20f0a7b39fc5077f2c3a3d83eb4899579d31e9e1df04602ad1faaabbaef	unknown	nature
nature	takeout-0543.webp	takeout-0543	aedb113af263a8a23bd7a2589048c7e0d7ecf76d6aa92235e8bae5406bee914e	unknown	nature
nature	takeout-0544.webp	takeout-0544	941f8152aab304563146830cc12089145142f63fa230c17bb23e7c9079df3230	unknown	nature
nature	takeout-0546.webp	takeout-0546	efe486ed05586c603ca79970b8735898af409d03a59457903b48842519fe72f2	unknown	nature
nature	takeout-0547.webp	takeout-0547	b66b6fd5fa7481e42ef511acefd97431f6f90cdfdb1116df373b3e5a0f1dd383	unknown	nature
nature	takeout-0548.webp	takeout-0548	f30de776988145bea77f021f9bf2737ed0c6a40e386d34d4a0262633ed199edb	unknown	nature
nature	takeout-0549.webp	takeout-0549	7936be0c1dac343597aba33345659ecb7c4a4f32d5fb83c20173342a6716dc03	unknown	nature
nature	takeout-0550.webp	takeout-0550	539df048462889fb1e8aaa129fc79850b62b864d6cf975a1953ab66198132579	unknown	nature
nature	takeout-0551.webp	takeout-0551	cc2147814aeca3cdbc16d76106be1fec13c9f8ebeba8a602f151cf9e69bedf0d	unknown	nature
nature	takeout-0552.webp	takeout-0552	419e31fdc23bbd599f44745478883063469e15cc66019fb19a614a2e493aef73	unknown	nature
nature	takeout-0553.webp	takeout-0553	bcf0fdee815380538e3256d387ef8b59eaa8abb1424381595dae05a58b71bb6f	unknown	nature
nature	takeout-0554.webp	takeout-0554	c1e9411d0929a9ba654017acf2f878dfffb1fd9dba50aff19811ad9316552264	unknown	nature
nature	takeout-0555.webp	takeout-0555	7678823ec202c2f5bbd02684b017e28d940f43e77ae4ab0a1014bbd5a6a89de8	unknown	nature
nature	takeout-0556.webp	takeout-0556	63457bd2f757095b455001d4d4be5a5d8f33911e248fad860f3783613f713bfb	unknown	nature
nature	takeout-0557.webp	takeout-0557	8d063c0a27205405223323fb9099e7b30462c7d108e4186033369311463fff67	unknown	nature
nature	takeout-0558.webp	takeout-0558	00ba232a5e2d55daf990d09e0e4672da77d91fdc6c5d0047333580ed37b4820f	unknown	nature
nature	takeout-0560.webp	takeout-0560	b6a6648eabf301756cafeb51a1b59f4edb852ee9f177c5c904565b29c87388c9	unknown	nature
nature	takeout-0561.webp	takeout-0561	d64be1a2ca9cdd5a1db9b0af964a307bf0296a53aa2bd2f70459c08573f35307	unknown	nature
nature	takeout-0562.webp	takeout-0562	6e52767e8d3387162921f6cfae7d37ec4238a77c6516648ed340e7db044f69c0	unknown	nature
nature	takeout-0563.webp	takeout-0563	c46720c8f1558598b10285cbcb20d763b8c569a9a7abf72ed03310311aeb0dea	unknown	nature
nature	takeout-0564.webp	takeout-0564	9c8834544b4fd3e894f27444d94c70fe773e3e1e34e3a14e51482971799d43e6	unknown	nature
nature	takeout-0565.webp	takeout-0565	1bd48ebe77b596618972fe588c00c1edae3a6ce58a860f04b1ce56a71159fe06	unknown	nature
nature	takeout-0566.webp	takeout-0566	e27fe891be9bc1a148788a48426567e3dd0ab32b5b00aaf1f0912b66e29e8bb8	unknown	nature
nature	takeout-0567.webp	takeout-0567	83f33d3d5003a06d8469a5012c16bd5a18e391a8b64f31b56b1eda2dcf1d0937	unknown	nature
nature	takeout-0568.webp	takeout-0568	ae71b5d375553d0f485c47f4d225536f87aab4450ad6dec4500e3e8e158e5c0b	unknown	nature
nature	takeout-0569.webp	takeout-0569	13a945fef7debb36216e071ccb536d94b67d40021adb3990c0aea0cf78b672f1	unknown	nature
nature	takeout-0570.webp	takeout-0570	86f50fa35e53db20a5a58541e0d4026b2662ce0f558f6fe8c8b8a236934cadc2	unknown	nature
nature	takeout-0571.webp	takeout-0571	32e509e702b5db3fdfc267beff5b9bfaa5dc7f805072c612eb2c388108d8ff19	unknown	nature
nature	takeout-0572.webp	takeout-0572	d16cf1df156e33d7fca8a0b5058235bf55e05e3d6b0ae00b264daf0d955c2027	unknown	nature
nature	takeout-0574.webp	takeout-0574	05924becfc649af71a6b23fc382c026b98de164f73f6e0d814ef22b876d93bd3	unknown	nature
nature	takeout-0575.webp	takeout-0575	72b2547f0727dfc5c307896f8ccc4ae27b4192423450cd29a4c3271eec17d04b	unknown	nature
nature	takeout-0576.webp	takeout-0576	52da943cc167072d46e542c800d509d856d4007f63716d9e39a8279ed866c5bd	unknown	nature
nature	takeout-0577.webp	takeout-0577	d5131a477a11ed91d18f967c6ee0406b745a0b6d27d61604033dc4da8ba95fec	unknown	nature
nature	takeout-0578.webp	takeout-0578	0adb6d1b727d400f75fde9d0d663ff6aef2ec9a48defe78918bdb915c036b57b	unknown	nature
nature	takeout-0579.webp	takeout-0579	4dd1ed80b6df79a8dad92f3f709768927854237f2ef9c09c35ea05fc0fdbbef0	unknown	nature
nature	takeout-0580.webp	takeout-0580	87f29103d1f68e8040df04cac82d34c7d2aca47753de346f1a38da25390b8bee	unknown	nature
nature	takeout-0581.webp	takeout-0581	bd6d7bfac72e94bbb7b78b07d8de537dedd5be46f29b8d22990fe877fa0519f5	unknown	nature
nature	takeout-0582.webp	takeout-0582	ee82c94ca54493674b0864b5d0ca3aafcc01f884c2942606376631b9db8e98c8	unknown	nature
nature	takeout-0583.webp	takeout-0583	20c2429f7da1ad670434d7af23e06adfdb867ea988071f194e1592fdf587067b	unknown	nature
nature	takeout-0585.webp	takeout-0585	7b86c3a99227b767571bbd9a91dd0f993d93efbab5e3d4c92e98ca5228b4a950	unknown	nature
nature	takeout-0586.webp	takeout-0586	1fc18343d78ac1407d24dd6a99d3cf86c7e11e6b5ebece2a71dbf166763db5e2	unknown	nature
nature	takeout-0587.webp	takeout-0587	7b8551ef5230270194729e6684bde30f244673b0b3e022e79f51ff3db9a5bea4	unknown	nature
nature	takeout-0589.webp	takeout-0589	1dba0d18002bd3be0e1b137cc5f47fc4305f63b777f6a7d4724f8a809c6c4335	unknown	nature
nature	takeout-0590.webp	takeout-0590	d00275842f7212ad3f8eb220a91c265dab8ffffdd99e1e52f21ffd17bbe97fd0	unknown	nature
nature	takeout-0591.webp	takeout-0591	0a09dfd922a1935a7fdeb9743ff659a87a8dd9e9ce9cfc5c8b4e340517f41634	unknown	nature
nature	takeout-0592.webp	takeout-0592	d1f856c678c31b5bb0e47484afc18951b78ea609ce772db16bf6a6f0a6dd8e6d	unknown	nature
nature	takeout-0593.webp	takeout-0593	eeabcbb6c92112a18730842693672510074a23df23753cb555d9b6aec7c3280b	unknown	nature
nature	takeout-0594.webp	takeout-0594	2c8445b816113426a76b34274b0c3432d1b38ea5b49fcfbdc303754fc19724c7	unknown	nature
nature	takeout-0595.webp	takeout-0595	933b7047ec32dac9f63c31b09805be63b2d5b4f123287406dec0b3fd6b49f91c	unknown	nature
nature	takeout-0596.webp	takeout-0596	d8640b27633832d1a801e1a8656f0d81d9e3f4fbd6feae6e47d47af473f59fa0	unknown	nature
nature	takeout-0597.webp	takeout-0597	4c44cb4e19da00ded2e600f4c151430e57adbf2dd2e5bbae437d6b3a4057fb17	unknown	nature
nature	takeout-0598.webp	takeout-0598	84a8744313ce438aec0d3d9de1ae82dd4b356399cb896437a096c0c687f3c47e	unknown	nature
nature	takeout-0600.webp	takeout-0600	0776e9883bdbe27ef4f94a01cf1b55c58ffe2e749c121f9edd1a07c8c16ec03a	unknown	nature
nature	takeout-0602.webp	takeout-0602	99772cfc4c8c7a979956178a891db7a0d3ef91752ee2cc721f1d5defbcbaea6d	unknown	nature
nature	takeout-0603.webp	takeout-0603	912ea9138d6f000cf2a1b96b0bd5501496d8c45924c6358a20d8208543039807	unknown	nature
nature	takeout-0604.webp	takeout-0604	a9949590a1afc529c2dce3066506b5916057889eda7e8eb213e30be330805ae1	unknown	nature
nature	takeout-0605.webp	takeout-0605	1a357857e2be44ea0ba6efdb57f181938d7b79d8f21b362a639b48532e8ad932	unknown	nature
nature	takeout-0606.webp	takeout-0606	9ae8ca20ceacce506002f30775c3c48d1f961e371371739c66c7de3db2f6a280	unknown	nature
nature	takeout-0607.webp	takeout-0607	e4b50c5cae888f778b02afed4833de6bdc551da7f8c687e8f825f1c6dcc6060a	unknown	nature
nature	takeout-0608.webp	takeout-0608	7c7184dff81d31eca87a3c13b3825b8f9fa8e58598146a84342ce46ad5b30789	unknown	nature
nature	takeout-0610.webp	takeout-0610	b7b7832aacf29e3e26329623c84b9db915f552fa130416c2bc2629449327e6ae	unknown	nature
nature	takeout-0611.webp	takeout-0611	766d3662fdb3f6f68cf3a43c98c7bf451057b2a2600354334822d35218b7195d	unknown	nature
nature	takeout-0612.webp	takeout-0612	95786e03ffd6d2ad419dc98d400fdf355ace17cac9f940e2aa6f050a457f152f	unknown	nature
nature	takeout-0613.webp	takeout-0613	462472073d4d65df4d0e22ec97c96a643f93741d80007d0a5e71eb93fb42e18a	unknown	nature
nature	takeout-0614.webp	takeout-0614	513fcdacbb81194f525f8e2a5920cfc0554a84635d9f370a317fa137214f1a7b	unknown	nature
nature	takeout-0615.webp	takeout-0615	ba993cb7ee8a5bc80c26805f2af8cc248ad333f320630db96b47f43678203675	unknown	nature
nature	takeout-0616.webp	takeout-0616	d4489c74431d6656136d600afade63c6a4df03cb6c80f77315274628968be772	unknown	nature
nature	takeout-0617.webp	takeout-0617	71719e92d985f8a82b5ebe85ee7ddbd6ebc109fb690fe777e68a282a703799bd	unknown	nature
nature	takeout-0618.webp	takeout-0618	17fe46a9c8e9c7c84c8dfe6e66b99134da118c7c49c84b2e56e43c5140e3b98a	unknown	nature
nature	takeout-0620.webp	takeout-0620	359c2c5021524acaa032ab78a1c12afacd667dec0da296dbe6ca88f3da16d18c	unknown	nature
nature	takeout-0621.webp	takeout-0621	33ffbe32715eb5f22fa7b7f052f0aaa8336c4fa6a066a44ac1ca626d774a2e4e	unknown	nature
nature	takeout-0622.webp	takeout-0622	79ee79cb15dff8d5c530c57486eb7d407f55efd26055cc9f522b0cd4efbfa63e	unknown	nature
nature	takeout-0623.webp	takeout-0623	a7e235dd415f083eed16f5ff7664e99bfd7d5257846ceafea8493fe1f82ce2b4	unknown	nature
nature	takeout-0625.webp	takeout-0625	2e42ec6b4d2ed7d8876d823ad2fce7221c089ac4f6fce91a0928c400c4632aa0	unknown	nature
nature	takeout-0626.webp	takeout-0626	771baf992c06d0c2034d807c8b3974c665d1ec2c8e45e656a505cc53533383a3	unknown	nature
nature	takeout-0628.webp	takeout-0628	5e3fb50e20281f6a12ed1756b4bb52bd3fe4c35a5caa2f9c8bdf483e3f3d3756	unknown	nature
nature	takeout-0629.webp	takeout-0629	3ca8db63954bdd85d0d8ea2ba8eac70847c5f087a4b6b1cca9a0720fd1275542	unknown	nature
nature	takeout-0630.webp	takeout-0630	9c46cb7eb2dc62d8fc278b19cf2b2ee0bb07a0135a99bf4686343d0533f417f8	unknown	nature
nature	takeout-0631.webp	takeout-0631	54f8e171c3845a921e7dce7b1470075bfe8d3f2571741afb84049d8559ffa5cc	unknown	nature
nature	takeout-0632.webp	takeout-0632	894f7a55a21fae2d7fa2423b4fb396d3cc7f32342bbdd591d7aa603f82800f22	unknown	nature
nature	takeout-0633.webp	takeout-0633	46185a3dff6762d2f5e6cde18e4894dd35db5bac65949a9b73df8b6ddeceabe6	unknown	nature
nature	takeout-0634.webp	takeout-0634	56ab22aac828095a07530d04647da98f7e3296c14fadc69aef4a16bd919a6f96	unknown	nature
nature	takeout-0635.webp	takeout-0635	86a39d34ae4b01b1d0ad23cb1d0ea8b3896dcd358430c274d34523d7f2d5f4ab	unknown	nature
nature	takeout-0636.webp	takeout-0636	a5cdf17a65d7f17fe45f295d82dfb24b34aa0739ce2f26d80e87ee8a29156dc1	unknown	nature
nature	takeout-0638.webp	takeout-0638	2e25464a6b17f950fc534047e9edebd988e41c83beb4f5321ae2c2447e6e576d	unknown	nature
nature	takeout-0641.webp	takeout-0641	182fd165ffc52afd26c198116316e31dd58e388cb07201b3e4afb43f444445e1	unknown	nature
nature	takeout-0642.webp	takeout-0642	358e76a07be12322ff5493777661be5c257b8f0cb30f2ee0e452a196f8a90410	unknown	nature
nature	takeout-0643.webp	takeout-0643	a88c896835fcf689bae4c3b33ca77ae15dc57fa35089dbe43ac3b0dff94d64e4	unknown	nature
nature	takeout-0644.webp	takeout-0644	5e5949b28bff43b5e9cea6645197120f28e6dfb495f2bf208f8575456751e86c	unknown	nature
nature	takeout-0645.webp	takeout-0645	6347be204931ae7eafd29930af6507a61bcfd982bedcf8c4f43dde9734593065	unknown	nature
nature	takeout-0647.webp	takeout-0647	5d7eca89a01e64c5dec9db36fed22c7e4ab0842ab01afd225f80f22277979e6f	unknown	nature
nature	takeout-0649.webp	takeout-0649	ba438f1d162c5c3c7ff62dae37741ea70894c0ec4c6e90f45438734df0a72b1b	unknown	nature
nature	takeout-0650.webp	takeout-0650	e403cd689bbae574603660957bfe69ec8146cae855ddce870fea8560cfb83855	unknown	nature
nature	takeout-0651.webp	takeout-0651	982cbc7e7f2f592a7d0503a1c3f6b8493215555b09ce0f4ed85582964dc8bc59	unknown	nature
nature	takeout-0652.webp	takeout-0652	b004f791debe7815dc71605d249bd50ffdcee17212d63405440672d29f14938d	unknown	nature
nature	takeout-0654.webp	takeout-0654	0f23b4f309917736498122541747b3330a3750ed1098875663aba1e1cc46da64	unknown	nature
nature	takeout-0655.webp	takeout-0655	956fe510a7e5b9bf5bd6b47d331b0bb7ca558ef8b8fd07b0ac9d0b8c5fb44184	unknown	nature
nature	takeout-0656.webp	takeout-0656	2d8a53a7dbd38e4731372ab1298362abd3ac281e4e08d347edf438368e7192fb	unknown	nature
nature	takeout-0657.webp	takeout-0657	7a0a35d04be04882fd3bcfbbf2300eb221a4777ae67c0e09e68acb8a35e845f2	unknown	nature
nature	takeout-0659.webp	takeout-0659	4d889db7ca306a536a3b71e62792007ad5a25542c3f0729a00ac95af8eaa1d50	unknown	nature
nature	takeout-0660.webp	takeout-0660	e2e787ac29fdcd299c071fee0eaaf21ad443bc1e44351aef7eda481cb29fe9ed	unknown	nature
nature	takeout-0661.webp	takeout-0661	7768768c2d4e1848067d40241398e50d6689f447a7c3b19ec3bd3ad61f2fb6c1	unknown	nature
nature	takeout-0662.webp	takeout-0662	2d84e10654a549d814ec09ec534e1991948648a3c6dfabaebf4e520eb44c979f	unknown	nature
nature	takeout-0664.webp	takeout-0664	278536f555768f35c34ca720a678b965c16619c96f39a91c602fec163ecd6893	unknown	nature
nature	takeout-0665.webp	takeout-0665	6590415d33365b0ad25485e9eed3521e385176b5351c4df248be85fa3154e784	unknown	nature
nature	takeout-0666.webp	takeout-0666	ab2f97d92486d523e71c354b4688db3be5d6ed6053feee61fc88f94dcbe6615c	unknown	nature
nature	takeout-0667.webp	takeout-0667	15714b8df5b2a922fb1656a299a2b3371a387d38e937dfb84dc740faefdac206	unknown	nature
nature	takeout-0668.webp	takeout-0668	b3da4aa1de075c55a537378105c1140feafe45bf00707e60d4fea05035d1e7ad	unknown	nature
nature	takeout-0669.webp	takeout-0669	c90e3cc1603a77001cff1bcae5f7ca8aab5f4214ac8b7aa1b8bc3a46e96ae9c3	unknown	nature
nature	takeout-0670.webp	takeout-0670	a99299987e71491ad429a98fc6adc60315ab86b244efa69daab0f84edbf4a6f1	unknown	nature
nature	takeout-0671.webp	takeout-0671	8cde99b9e59a3b6b995ecdc63a05cbe1542a6aa1f80b89965d2d9c14b3d4322d	unknown	nature
nature	takeout-0672.webp	takeout-0672	692550fdcb4b56301f02ec4fbd433a4c8a1ee8d556ca97a2a17f95378513b2ac	unknown	nature
nature	takeout-0673.webp	takeout-0673	0616a421989110d1a1c1d4142f9aa84a975fa6b5a09a1a1e0fd77c58d4a29c7d	unknown	nature
nature	takeout-0674.webp	takeout-0674	baa663694885eb414a8f07c16d470645db5d5d8338e2947a54db3f2cf87b37e4	unknown	nature
nature	takeout-0675.webp	takeout-0675	5a9fdcdce81832163f2647a75366972585ff43c702f761ca08af46950450f22a	unknown	nature
nature	takeout-0676.webp	takeout-0676	c33159712deaee09bac0538ef4d44f34501a6e5ad8c86aff38c32a231b3a4fe4	unknown	nature
nature	takeout-0677.webp	takeout-0677	609d06c162c296e88defa550501888c85867054299deeaefd3117ccd06908d77	unknown	nature
nature	takeout-0678.webp	takeout-0678	74573b4481e789e52300a8bc2213eadc0f4922e519930feeebc7002ca02d5f0f	unknown	nature
nature	takeout-0679.webp	takeout-0679	7cc2133d1828a268da344a590ca9aaa46c8cd6855bf3983fba77d06ce1135344	unknown	nature
nature	takeout-0680.webp	takeout-0680	0518d091440b87ad2ff289c552f6a657f2d2084089b36d9d9c1a87d52f938009	unknown	nature
nature	takeout-0682.webp	takeout-0682	1d1d038d49a774c316eafb8c1c19b6562e44234a0bcf999ead53b9ea0ba70227	unknown	nature
nature	takeout-0683.webp	takeout-0683	df6632ee63a79fd1a58810ccdd2d699fe1f4f443c8f4ae15ea9c727a0eb69773	unknown	nature
nature	takeout-0684.webp	takeout-0684	fa7d6c1797c3e8ac421012bb02090fee1eee5dcb8c8f4a9856f7ff4223493183	unknown	nature
nature	takeout-0685.webp	takeout-0685	00803f45a1af647d3e49865653e730f939e83eeea0495259c8be9a890c9de289	unknown	nature
nature	takeout-0686.webp	takeout-0686	a3d72e6415586d51240f6008f2feca5b1bc37c55b7a5e24bc866708cc0220c5b	unknown	nature
nature	takeout-0687.webp	takeout-0687	816cd147a9f3374cc62be4fb74ae03c3135869e31ce6eec11423475d3cdb968a	unknown	nature
nature	takeout-0688.webp	takeout-0688	fdab768a37d8c10ac9b23f85238c8a2e7ca5175d13127840c7eecfe2b018f57f	unknown	nature
nature	takeout-0689.webp	takeout-0689	2e473a279a49fbe7937f7d2ed0e5269b93e225b4db57073ca10ff91aa9eaae70	unknown	nature
nature	takeout-0690.webp	takeout-0690	b0728eff9701ba682a200eb48b0cc285d22784c48b34c347d4ea492673f9a460	unknown	nature
nature	takeout-0691.webp	takeout-0691	5b0bb5562d2395f50b6413f24cd522bc4df1e2d2ccf7e044fc3e113a1fe6e4fc	unknown	nature
nature	takeout-0692.webp	takeout-0692	166a144783110fd59c34973dff78aa34365c60630d2dd7255c65170a478cda39	unknown	nature
nature	takeout-0693.webp	takeout-0693	6b7cb4aa6e52bb3bdd0e0ad32bb9edd84d055977cbda366815a6f49059c36146	unknown	nature
nature	takeout-0694.webp	takeout-0694	93248b541d8010d71e2d5fe9c90765452be6a57d0c0e878cde5859d0b7aee689	unknown	nature
nature	takeout-0695.webp	takeout-0695	ba5a99b12dbfad51b50a1239b7891d8bbb4de49f347026f18e3de1da8d5582d7	unknown	nature
nature	takeout-0696.webp	takeout-0696	ba1bb6373797a61b83809d9fde0457c57ee580a83fc9d247b07e59726e4fd33e	unknown	nature
nature	takeout-0697.webp	takeout-0697	910648b8adeb52fe14a185b21b2533b855d288875464e85bb7bd06164ec980a5	unknown	nature
nature	takeout-0698.webp	takeout-0698	8e1f831f5c248490d251b98896817d06b390dec0bea4bc4ff0cf51be36c64462	unknown	nature
nature	takeout-0700.webp	takeout-0700	af2b8bd3968365705628bf2fbd2be421ff3523f7de9c0628f0194fbc9ee4b264	unknown	nature
nature	takeout-0701.webp	takeout-0701	88108e9be3a773022a4e3f0611fab0f666315ec2fd61cbb8a126f7aa5622a603	unknown	nature
nature	takeout-0702.webp	takeout-0702	62c73f385c008bf57de4b1346eec0be43098c21ce135b12f972b109a682da1c3	unknown	nature
nature	takeout-0703.webp	takeout-0703	335537fc837e32e2f6c83ac5751e752e2bf6f4096443cb86add270cb5f7a98f2	unknown	nature
nature	takeout-0704.webp	takeout-0704	287ced623ba3347dc7b1ff358f0386b6361041ce26b16ebf116fdcbe5d88fbfb	unknown	nature
nature	takeout-0705.webp	takeout-0705	5c5ab38ee7f0ad4ef33801a5203e94ae5db739bc74f68f03dc96f13ccdb36601	unknown	nature
nature	takeout-0706.webp	takeout-0706	41967731ec896c3202bebbc4ed6384f781c3e58a8e8ba1b608bb2184c2154c6d	unknown	nature
nature	takeout-0707.webp	takeout-0707	79318129310a41b63494f0d503e278e5b9480a15b3af7eefe8e0a8e089384137	unknown	nature
nature	takeout-0708.webp	takeout-0708	c3342139bb0d36e9342dc382878b6db763a61a872695813194ea5958aeee7537	unknown	nature
nature	takeout-0710.webp	takeout-0710	2c2b9d9ae3c5ea7f3d85a912463dd396a1ee44e11b3d46d6570c8aceff75c01a	unknown	nature
nature	takeout-0711.webp	takeout-0711	fa4c8640b1e6a36bb0756e4fc0e7971417c97ad215a14c076a5b8735b7c50acd	unknown	nature
nature	takeout-0712.webp	takeout-0712	965111731448e1d560e3cc8ea058a77ccac72e0d730aea9f03c139b868b99461	unknown	nature
nature	takeout-0713.webp	takeout-0713	198db806b86d519aa058663ab8e0cbf912f1e39b2bafffafb8ed694732140f5e	unknown	nature
nature	takeout-0715.webp	takeout-0715	d12d3bd165142d33a90f8c30dd9d4ca98ff86ee020a50f92fa2a057c913307cc	unknown	nature
nature	takeout-0716.webp	takeout-0716	73e2122824999d3cf8c45033400832f2b8486865b997ca040258e4d556f496eb	unknown	nature
nature	takeout-0717.webp	takeout-0717	8f2142394f4ac6cdc4f8b99b0a9b46f3da1e608163d64baf0e967b940e0e25f1	unknown	nature
nature	takeout-0718.webp	takeout-0718	b476e71f0c438e33cb253ac7ab106432ea157881f887594a55498057f5ed84f5	unknown	nature
nature	takeout-0719.webp	takeout-0719	2eea7684bc7784dd599c19f1a2c10b284f45a56b48539c72c2197d2c2fff719a	unknown	nature
nature	takeout-0720.webp	takeout-0720	67070b8a5977d2b8bc9b828a1f85b456218f56b34b09b22d4c67d73f3203f5d5	unknown	nature
nature	takeout-0721.webp	takeout-0721	09ccadb4de650bdb0359591f4bced66be4c0d20f2b4ee2e02cd73df8a49d99c8	unknown	nature
nature	takeout-0722.webp	takeout-0722	f0e402c40712af1807acb23110884451a12ae8f970d28d23527231655e109250	unknown	nature
nature	takeout-0724.webp	takeout-0724	0d6cd03e43153f26a88420b63c99f43a80342bac51ca99aab54f490c505c3a00	unknown	nature
nature	takeout-0725.webp	takeout-0725	005d915c4aa893e95990ea5c225ff39176d43c2bb9b222fbdb573072147abebe	unknown	nature
nature	takeout-0726.webp	takeout-0726	2020e381de262fdce943d8f44a510106c04ea1e0899560a2cf9cf34a564ab3a9	unknown	nature
nature	takeout-0727.webp	takeout-0727	9ff4abe2b639a61fd877a8b5ab51aa26f28ad186baa17636bc01a06e79cb0564	unknown	nature
nature	takeout-0728.webp	takeout-0728	1818baf93b219dcc29523f9b998c5520879c6c653d253bb5319b2881cf62d3e6	unknown	nature
nature	takeout-0729.webp	takeout-0729	0f92be5e0604a9e4d16113552ecd5349a0138b98c485153fc3d16aa2307a59d5	unknown	nature
nature	takeout-0730.webp	takeout-0730	64d74c2ba72622f33710d93ab7f226372da2d75ce4bacce924efbc7ebf891eff	unknown	nature
nature	takeout-0732.webp	takeout-0732	e7eaf3a4feaf6311f98641f38c58e5d79b5a196c360747ab3ff2c0a50f805aa6	unknown	nature
nature	takeout-0733.webp	takeout-0733	e5adcfdeb0d74dda59733b468b422f3380638a8fda21c5c6b8d492c6b2da64fc	unknown	nature
nature	takeout-0734.webp	takeout-0734	0f5a23f27d412e6906bd9de2962ff9eecef7e7d1f33242af8fd92c04893f9fa8	unknown	nature
nature	takeout-0735.webp	takeout-0735	bbe077092d02915330166cdaaac074731fa449ce6fc967b234fc278ae62a4dac	unknown	nature
nature	takeout-0736.webp	takeout-0736	8f7347224a1e6100fb5b021e04730f41076f7b2c413ea1f70ef4d96755e52e0f	unknown	nature
nature	takeout-0737.webp	takeout-0737	5b70065728cd50c3e701174f5591786b6fe76147b948c493541a06b70116aa13	unknown	nature
nature	takeout-0738.webp	takeout-0738	026d428dcd8b759719c74c5408caad35ec5f53acb5e657c5df4f52bdc5defb9b	unknown	nature
nature	takeout-0739.webp	takeout-0739	7361d33a5a1084588fa42decd98d5c61b4a40a5d5143e2e213c2ee6633b4bf01	unknown	nature
nature	takeout-0740.webp	takeout-0740	7620628adc884f9212e67346735e89ff885936e90c3ceac198b34435b155798b	unknown	nature
nature	takeout-0741.webp	takeout-0741	ce6775d163f8fb28f7806c02c5ae4712bbef3b428e188be26c447d98db4a238d	unknown	nature
nature	takeout-0742.webp	takeout-0742	4710704dfee32fea0460ec13de701882ab0fd493dcde923d258db01e188a5159	unknown	nature
nature	takeout-0744.webp	takeout-0744	0cd10c479c7a53c99236f997266e96b47136521978eedb34c5e08ae3b9b1ea1c	unknown	nature
nature	takeout-0745.webp	takeout-0745	7f5d8b7aebabd56d2e45b59a25c31e1a05f7d14b9da760ce909a9a4c01fe94ab	unknown	nature
nature	takeout-0746.webp	takeout-0746	01d28cd59453309d5b859bfd89ab51ffd58c2c6a0adf8ff7b841ce3d5e9010fa	unknown	nature
nature	takeout-0747.webp	takeout-0747	71b99b155adb82ba262724e48a9b066747270a9107871a083cc644d6abf849a2	unknown	nature
nature	takeout-0748.webp	takeout-0748	25007bed01b70638fc7edccf7dfcefec1c16163b755a11f16c0fdd092419cc93	unknown	nature
nature	takeout-0751.webp	takeout-0751	379068c6f52b8d1e2116bd8c56a8e520c8bffda618415d4b8285815275c30c15	unknown	nature
nature	takeout-0753.webp	takeout-0753	fb088bacadccdc4fca37868854f7749063dfb0e8bc41b7856bafea646fb61288	unknown	nature
nature	takeout-0754.webp	takeout-0754	856f514d2a7e2f7fb46899c8a196931e607bd037592e7a17c0c10bf06e16d109	unknown	nature
nature	takeout-0755.webp	takeout-0755	5ae517a811d8052f6cfc8db68a0a6527fef75f707f7fc6a1a5c95ed30db8a189	unknown	nature
nature	takeout-0756.webp	takeout-0756	5fa4e598b18907a21c24be94050304803ea0b4509616f0844a6c2b15837ebbb6	unknown	nature
nature	takeout-0757.webp	takeout-0757	4e79eb36a669f19e72a51c04992d7bb7e1d8353aab22e9d6af9bb4a2046f908d	unknown	nature
nature	takeout-0758.webp	takeout-0758	a31cc2da457a5ec64f2c7335d4f54a8f40d8258413f63dfca52c3e50f4ab8834	unknown	nature
nature	takeout-0759.webp	takeout-0759	1f141662aea72c798ebec04328bd8163863cea0cea2cc81bcd76f148a93a5053	unknown	nature
nature	takeout-0760.webp	takeout-0760	2d32e6f88f8d5af084031719bbc534469d3758a4ae05cb93b1c7c1d7cd2df5d9	unknown	nature
nature	takeout-0762.webp	takeout-0762	e6988d0b0e6238c8912ed1564bb3cdde86bbfaac48d0cc84c9f481a385510252	unknown	nature
nature	takeout-0763.webp	takeout-0763	5f90e8ca58797f2d6ae7ae2cc1416288fec6f2c5e49af6cce167245624e6926d	unknown	nature
nature	takeout-0764.webp	takeout-0764	87762d716c10b383123edac927006b02b45915851824d0288ff3c7d747e82961	unknown	nature
nature	takeout-0765.webp	takeout-0765	b045292aa51b8cae7753fc3a9d780c94ca087fb7d0a54641324576d5d9606c07	unknown	nature
nature	takeout-0766.webp	takeout-0766	3a0a0a19961870b54e043610ac1d6596c5100c87c07cb05873b074bb4ccae3c6	unknown	nature
nature	takeout-0767.webp	takeout-0767	6388115233cb278dcdb07fee2e6aff53d34f9f55301a3fc39ee3bf6ca9848153	unknown	nature
nature	takeout-0768.webp	takeout-0768	6a418d226d1fb2124296521c89018bdf492833439f43a809cc8f602d23eaac16	unknown	nature
nature	takeout-0769.webp	takeout-0769	bd172251be9142eaa5ff570fbd2c3f85769b6031c9a8c55d8fd64b2122794d5f	unknown	nature
nature	takeout-0770.webp	takeout-0770	a9208341359797af2787a40e0a504d6823a82a3bd154d9e463fae1e50b5f9a8b	unknown	nature
nature	takeout-0771.webp	takeout-0771	255df5456288c9660bdc14b441dd827b79020401008c7e578abef3f9287a41a5	unknown	nature
nature	takeout-0772.webp	takeout-0772	88706e39f14f4ac7cc50a2b015fc28df7b9ffb840921817cb39a3247858bad2e	unknown	nature
nature	takeout-0775.webp	takeout-0775	b0db354e4d724e38a80df62508af3a3e17f6c234568f64fcb473630b2d51c906	unknown	nature
nature	takeout-0779.webp	takeout-0779	472640495490a9f2154093069d207c88cf93080e58746acf0d6c3c086745db5a	unknown	nature
nature	takeout-0780.webp	takeout-0780	8ac1d84d22ece4ba5e73c68e8a043f9b46d7a4ba8cee1877785078cdfda1d4a7	unknown	nature
nature	takeout-0781.webp	takeout-0781	02596d3b65ce88765c50517f6cef9957d9b6c9bcecd5e913b3c12e98f1f029e2	unknown	nature
nature	takeout-0782.webp	takeout-0782	22ad08535d9819dcf8f642673bc6d1a30d1dc3878e6bd16fe38843de82368b9c	unknown	nature
nature	takeout-0783.webp	takeout-0783	6c5dfa7a343820ce6bf99b8273fa1e303c77be4061b8dc53219574e13a574a87	unknown	nature
nature	takeout-0784.webp	takeout-0784	526fd24a31dcce3959e58888cb3621561f81cfa1536d4e65d5c1705dfb7055b8	unknown	nature
nature	takeout-0785.webp	takeout-0785	122c3a42433217d1afb78ee90211bca023fbd0804b9eb69f470caf2fc6314c55	unknown	nature
nature	takeout-0786.webp	takeout-0786	4a989ca1fb72068c0bf18b2c6467baa9efab59e2aceb3fa3afeb329c648a7e57	unknown	nature
nature	takeout-0787.webp	takeout-0787	27b64bd8bc39ea725645a9aa7c907b023027d100c43322b4465c2f154e2066de	unknown	nature
nature	takeout-0790.webp	takeout-0790	4644012daec52047c581f70b5fa278d9ba00b8ba94224e79f2fcfe6f778cf173	unknown	nature
nature	takeout-0791.webp	takeout-0791	113f356ad44f177493d8b45dfce08a2330c794b45a10832476107bca149c9886	unknown	nature
nature	takeout-0792.webp	takeout-0792	78e711bfbff45e8456c1c545353ea79452fd890e3aefaae29051852cfcb01a31	unknown	nature
nature	takeout-0793.webp	takeout-0793	1aa73007b99cd43baf624d7810ed7e0330a08282a3a2ecaee72f6a383db1fe7f	unknown	nature
nature	takeout-0794.webp	takeout-0794	074c6c73ffbc29eb005b44739a382c29fe70d96cde1c1755a72cb314328b9d28	unknown	nature
nature	takeout-0797.webp	takeout-0797	1e9a0b88929a22eeeecaa7be1d81016e5d8e3a6a4c278318230759f94b101c18	unknown	nature
nature	takeout-0798.webp	takeout-0798	67d5136c9f76952afbff7094df6cfcd57d6067c3db0a3c4db42fe61d29a24660	unknown	nature
nature	takeout-0799.webp	takeout-0799	11a41e25b22ae5ffaaa785c6e578bcd673b67b71d0c9c6bed5974637ea68109d	unknown	nature
nature	takeout-0800.webp	takeout-0800	048b079983216579efb9d0bed52c0881a4d5726e61d9632781d9ad7f51585670	unknown	nature
nature	takeout-0801.webp	takeout-0801	e8fbeb89910e54db1dae6311690574ecf8919f71c5a878f57cd1c027b0d93c99	unknown	nature
nature	takeout-0803.webp	takeout-0803	85e010e0ebd23e3c4f62661069c2b713819f1810c521206c2a8efa3f53958252	unknown	nature
nature	takeout-0804.webp	takeout-0804	172eaa741a5d24c38b8e7db18a93930f07c1931418dc28ad26e0f28e0c8c9d10	unknown	nature
nature	takeout-0805.webp	takeout-0805	dacb573a21cc04a7cde8a5e85b74480ecd07c7625e0002e2c0e650eab49d62d5	unknown	nature
nature	takeout-0806.webp	takeout-0806	9b604a51505039e12e0dbd4a137852719913877a716f97d2d8eecdb768f1058c	unknown	nature
nature	takeout-0807.webp	takeout-0807	e0e64016a99a883fbd5a8a63edef65f1fb1cff7002870cb9da79c2348f6b20f4	unknown	nature
nature	takeout-0809.webp	takeout-0809	332ba9a5f498a60f7f55cf5297c1b4ce1521878fe6b989737dd6d27fe42f945f	unknown	nature
nature	takeout-0810.webp	takeout-0810	54089377a7844b9e6950d25073fb6133efbeb98a9389f41d09fa6905b41631b8	unknown	nature
nature	takeout-0811.webp	takeout-0811	fde1e95b2e686381d97584f214122366f6dbb6ba113b75afb6ac1208aa69e45d	unknown	nature
nature	takeout-0812.webp	takeout-0812	bca94fe2591066d0047932e3b5ca3d545fc31050987169f5d3f46b865ab0ad53	unknown	nature
nature	takeout-0813.webp	takeout-0813	33981ed9fe22bac6572b238f21a48164ed39c300b4e9f8d4701e0871ede95bd7	unknown	nature
nature	takeout-0814.webp	takeout-0814	09720b2874aac729a1f0c64d3c634f3496a92a877db961ea9b957ae6f79dd9d2	unknown	nature
nature	takeout-0815.webp	takeout-0815	23c4c9dbadd9c1a7a1e5cce893463cd26ca0d9c344e16f1dc80cdc18ee0768ba	unknown	nature
nature	takeout-0816.webp	takeout-0816	d46a3382cbbc0957d2882584d4ac8c5485e0fd0e79b6921acc59f08e0da386d4	unknown	nature
nature	takeout-0817.webp	takeout-0817	4feea9c3a6951c96b48607c7c560792fe0dcf3674c1aaae1d3b567832a635d32	unknown	nature
nature	takeout-0818.webp	takeout-0818	74a0ed2dd84b21a246f6ebab6b1a9b95bd3ba33d5133938dd40c7657f2b6a907	unknown	nature
nature	takeout-0819.webp	takeout-0819	1f5b43a38762d6857f454b23dcfe8b8c84c3b3acfbecd07890d1fa47e14559cd	unknown	nature
nature	takeout-0820.webp	takeout-0820	70162f4feaa086e1c02c8c2db8be14d6cdde17e2bc32962562fc0974a0f4ad31	unknown	nature
nature	takeout-0822.webp	takeout-0822	f22ca0cc4958be5ab471f8eeb7b7251d94352f9ad865502aeb3442388b2a0368	unknown	nature
nature	takeout-0823.webp	takeout-0823	6b78c5c0f1154ae4ef669414d3410ed81b014b50d3dfadf6a7834315f9af2e32	unknown	nature
nature	takeout-0824.webp	takeout-0824	bcb88ecdef524e2e1c7f5218486b5ef77f59e7405222e4ad734eca5edb0fafee	unknown	nature
nature	takeout-0825.webp	takeout-0825	a61455b0b26f244f11b21cd56e9f53af64658ae012835d18b7da4b27606e97fe	unknown	nature
nature	takeout-0826.webp	takeout-0826	aacf152526ed042523c49eff5b090cd8bc17764abe6113641a6ecd5e85a68192	unknown	nature
nature	takeout-0827.webp	takeout-0827	b504d50453a37e1c7679926c990d6ab322763fa7d9bc2f47f6c2272009b376df	unknown	nature
nature	takeout-0828.webp	takeout-0828	245d58ff7f3fd6d25845d001017243287ad6b6f5cb46a50c5a8de52f6e724a4b	unknown	nature
nature	takeout-0829.webp	takeout-0829	5a1509aada879c8ff94d08552535de2bb7a56bc7d86f9bc97bb7da5ee3393d03	unknown	nature
nature	takeout-0830.webp	takeout-0830	e196b75f689b5f1c5123718066f318e673935a6483fb7ad4d4a9868b4baba798	unknown	nature
nature	takeout-0831.webp	takeout-0831	891529bf4790b48692de578ccc051a3f00b9e9f94f400673084af98f6dfe5eb0	unknown	nature
nature	takeout-0832.webp	takeout-0832	3b4f3660b6555bda339f1f9e07a6d412f382219f8823afb064db5bbcaacda777	unknown	nature
nature	takeout-0833.webp	takeout-0833	89be94dc4804267b77d65c6a9aea6e27a2abeaf22ea2ef80ac022b8197a2757a	unknown	nature
nature	takeout-0834.webp	takeout-0834	8878520135e8a066013ce4cc904f16fc416e6a4fc36e9f463150bbf317daaa60	unknown	nature
nature	takeout-0835.webp	takeout-0835	c8fdd3d45c9b53c288e91e950887b43f58564405c4284e406532645b1b82e8ce	unknown	nature
nature	takeout-0836.webp	takeout-0836	abeaefe85f4320aa1958bcb196a43ade241e834b35c47a5ab8c0945786ad6196	unknown	nature
nature	takeout-0837.webp	takeout-0837	e24fa95ca9d395ae0deab0e40be04f9f74800db12c55f86866ff346aeb18a04c	unknown	nature
nature	takeout-0839.webp	takeout-0839	d6225214d8c5229d850c5efd617f9d8221077f4a2e6c48be6f4f54fb36e5204e	unknown	nature
nature	takeout-0840.webp	takeout-0840	65329ede9afc8cebd31b0374511d89c77dc90ab1af714f27787aac6c83f84ba8	unknown	nature
nature	takeout-0841.webp	takeout-0841	e020bf354359f0a3b2f0ce4f820212172825bb84b07626fec90f8140a23a6436	unknown	nature
nature	takeout-0842.webp	takeout-0842	8bbf9d6921100a06cc15b37014721e8f3bb33c300dbba449a357109f100c9a23	unknown	nature
nature	takeout-0843.webp	takeout-0843	768b18f2d797672f2895e34e4d0744a14c74a4561706adeda65ee1274a9dacd7	unknown	nature
nature	takeout-0844.webp	takeout-0844	d4832f32af76881332f5793c2ebf5ec51f6c2c4466701f8b60abf370c851738b	unknown	nature
nature	takeout-0845.webp	takeout-0845	a9050df644ffa6e6830e10689bfa9d52a7b1177a89fdd71f8c35f60a0f6c005d	unknown	nature
nature	takeout-0846.webp	takeout-0846	5ac5071bd96ed820846b5a4233d31c2b220b2b4f5e2a446d8013b1d0ba94ecae	unknown	nature
nature	takeout-0847.webp	takeout-0847	4aa468fca019d5a49089b6837c0daeea2b33f66253bb533e963be6697b851e1a	unknown	nature
nature	takeout-0848.webp	takeout-0848	431b1757eb19c6c61e445e898910f2145c2947f793ba51cce13bfe946f6cca38	unknown	nature
nature	takeout-0849.webp	takeout-0849	6d75c5998b0778c5020e1dea9cd7b19126a4cc0c6a6a15ddae2c4ac203c783f6	unknown	nature
nature	takeout-0850.webp	takeout-0850	51e5f1c509ec19d2aa28961dfc4bfb36c7f24735dcafba6751f46a1b53ff683a	unknown	nature
nature	takeout-0851.webp	takeout-0851	79bc5fb550ac01045dc196d25ab169b2184cc04c39f56acaa22ac5373409d402	unknown	nature
nature	takeout-0852.webp	takeout-0852	6f3fe9a901e6fb43075228fa85cde432435961a7f6f5e29a3777df9d628519db	unknown	nature
nature	takeout-0853.webp	takeout-0853	d2b282f5e572ee6ede3d49d4e4a764631be84ff72bbe440e12e24d14d61e1bea	unknown	nature
nature	takeout-0854.webp	takeout-0854	782cac319a79ece6ed78bada0c3acd4d9a0a1b3aeac619ec31623bab7b2f5efb	unknown	nature
nature	takeout-0855.webp	takeout-0855	e91057d669de0296bdcdcbfce5c402bc7123fd2af871b58fb1537c6f6618cb56	unknown	nature
nature	takeout-0856.webp	takeout-0856	291227a9e1ed0158ec2358c4b4896ebed0ec8010483e4a449182d48e41ef81a4	unknown	nature
nature	takeout-0858.webp	takeout-0858	71adfb08883c9e34cae8e8bd029073ab8c4dbf41656501f0ce6dfaac8b32ea8b	unknown	nature
nature	takeout-0859.webp	takeout-0859	da0062bf296713b280a9b382efff10f4c3f85ac184ecccb5a8e145a5b6aaf0e5	unknown	nature
nature	takeout-0861.webp	takeout-0861	6a28bcc8b090b0b2fe3b99c85f1fb1a91cc4609ca899114cbdea0e96d5a1bed4	unknown	nature
nature	takeout-0862.webp	takeout-0862	43a964ac91622eecfeb5a219101543115587a099dbcaeb3b3ba038a8a0faed08	unknown	nature
nature	takeout-0863.webp	takeout-0863	f2e5f403a05c6d1ca819bb571900d897699d8d4a2c1f0131ed4518c34c61e83d	unknown	nature
nature	takeout-0864.webp	takeout-0864	197fc9e51dd19bbe62051c6789bf96260dde9a5cc68cb9c3a09cd31542c17764	unknown	nature
nature	takeout-0865.webp	takeout-0865	01496830bcd7fa712d0cafc490644513053a4aa063a96c99b78013e6ccc52510	unknown	nature
nature	takeout-0866.webp	takeout-0866	bc67a09336cad7fad3204430b3be9c0551b802f8a3bb174c9100806df00db369	unknown	nature
nature	takeout-0867.webp	takeout-0867	1a26ce18ed8485fb23b3e3fc260b8466d7673c8193e1fd04b10dc1efc1b78cd9	unknown	nature
nature	takeout-0868.webp	takeout-0868	4043c18a6b425e372a68ce7fafebadf76e5526bf8c855624a82b28ead3315d7e	unknown	nature
nature	takeout-0869.webp	takeout-0869	020e676e58aa1e4b330e4cdcddaaac8586a47c06ea1c21905602ed0e7ac81fe6	unknown	nature
nature	takeout-0870.webp	takeout-0870	93726267ed4ed91301318ce0af039832219ca71f17df5c293c70f8f8646c365d	unknown	nature
nature	takeout-0871.webp	takeout-0871	7020ee5c353e5839e9f9681a383d43a395c2c8e084bab495438e01672b9d4c20	unknown	nature
nature	takeout-0872.webp	takeout-0872	c96aa69bf5ed6bd6f4bd915bee635df2413729dc84490795bace87b803204646	unknown	nature
nature	takeout-0873.webp	takeout-0873	338c653357fd6c8dd11cec0d6fa8952e5829dede8ef79f7b9a2f22f3bb565dd4	unknown	nature
nature	takeout-0874.webp	takeout-0874	beb72e537b0265176390d8b9005ff189891b624f635dd957f1d98639488577e1	unknown	nature
nature	takeout-0876.webp	takeout-0876	1b5e5666dc379ec0182f264c750ade2cdb265badb5a5c91e84ec765256bb8cf1	unknown	nature
nature	takeout-0878.webp	takeout-0878	dc29312774bf90975ba3b2426670eb129419b7cd390e21bfae1e3a6d368b44a9	unknown	nature
nature	takeout-0879.webp	takeout-0879	9f0ab045df6e6a3a253a930fc41a6fa1568d8b793f70aa8eeec4217b3ea115a3	unknown	nature
nature	takeout-0880.webp	takeout-0880	97793436c381d215a6b0132a03e8c7b2abfc6e727f3b015fa0acf6bacdc7bc24	unknown	nature
nature	takeout-0881.webp	takeout-0881	2c70e5a2080dd683845577b7188475e1bcdcd3a2c16c81fd300b0418bc2a9b10	unknown	nature
nature	takeout-0883.webp	takeout-0883	4662349706955a08ffad6c12876778175d7986b3220cfd8b3e655e829c0417d0	unknown	nature
nature	takeout-0884.webp	takeout-0884	be1a090eadeba0760d4128add676b33ea015c4f5523007af3843a1b9bf1235d6	unknown	nature
nature	takeout-0885.webp	takeout-0885	cd79376b3ce3643a657359ac399fbfaf7801089f80927f453734f5f759c6ee50	unknown	nature
nature	takeout-0887.webp	takeout-0887	a9c37bec0f16776c5e2ed068b1569b509a05e2677483b769d0d102fcef7224bc	unknown	nature
nature	takeout-0888.webp	takeout-0888	e7171bdb55d7df34c52faf4376e736c0d618e2d12877dc3cb6cad3c4e297cbf7	unknown	nature
nature	takeout-0889.webp	takeout-0889	1fa092da274b69e1d115972e45d8520f310fac1df1110c2e55874e913c15c1d4	unknown	nature
nature	takeout-0890.webp	takeout-0890	4a30f8b2095cbeb5a1ec17ab5888f2eba1b49399dab670e4813e4d1a5b689864	unknown	nature
nature	takeout-0891.webp	takeout-0891	a740904888f99cc9261023923596cfec624e5d5232a54d9d4b5b92e45d1550a5	unknown	nature
nature	takeout-0892.webp	takeout-0892	1dcfbae2c29491631cdea4d53494c92575def4ce74d388766a4873b6f0df6b2b	unknown	nature
nature	takeout-0895.webp	takeout-0895	4ab6b52668171637939763435fce107ace026c9e40809f6cfe774f422498e983	unknown	nature
nature	takeout-0897.webp	takeout-0897	f7c9900fef2fdbbd479ddd25998e01aeeb6ba62a786d1b2c2f5939689e7db43d	unknown	nature
nature	takeout-0898.webp	takeout-0898	7127e4d604e22fe05e6bab6c92a5c279be926a7535b2ca0ef7a3bb3c3d358831	unknown	nature
nature	takeout-0899.webp	takeout-0899	5341390e1e02a183a46f7d581ca52089c21d9488e0bf3b846b4871b82c16d33b	unknown	nature
nature	takeout-0900.webp	takeout-0900	0d5eeeec2a60155228a9d4615affa2695df9816877fe95a4e052cb79d1c92fc4	unknown	nature
nature	takeout-0901.webp	takeout-0901	7cd7ce96cb963cde76c3109e16cdeb9ee604118efc4d365eb39993b44a754d47	unknown	nature
nature	takeout-0902.webp	takeout-0902	909668287f4dc2fb8e8b58729baf613261e32f7887f650778d91c02d49fd1916	unknown	nature
nature	takeout-0903.webp	takeout-0903	1f69af6ef144b675921ee4b1335fcbfb09147c2dd6c64a2fc1fc09b90cc94063	unknown	nature
nature	takeout-0904.webp	takeout-0904	60ee3976d1387a4c55055e4a3998129339f7ca6d0ee67414ecc42d64f49c563d	unknown	nature
nature	takeout-0905.webp	takeout-0905	be45ae0e9070224b6a78430b6269579ba00a3a68c284b4d2d7e88e12ebb36bdc	unknown	nature
nature	takeout-0907.webp	takeout-0907	ae4f2d822f0e8403abc78a435722dfa041e6612dd0a2cf684c006655896c5254	unknown	nature
nature	takeout-0908.webp	takeout-0908	8e6d8f1c0c1625fd96c57671a62639a40b32de960690756b190ee1e8dab3601a	unknown	nature
nature	takeout-0909.webp	takeout-0909	d157a976787f008d42c61d2d864634ee3e0e0da976843c7a194cd79878141122	unknown	nature
nature	takeout-0910.webp	takeout-0910	4b657b5147d69e0a1659ed128ab2e796189c73a4960890e44c2a1d258457b89d	unknown	nature
nature	takeout-0912.webp	takeout-0912	f8fd3eb851a5c7162256b392c6d83718754f0dddc7dff84f74e38ddc5e13af4e	unknown	nature
nature	takeout-0913.webp	takeout-0913	60d2456742398eedbc0ad9eb02719664750a29d51ab38b29c0b8bb3cbe507953	unknown	nature
nature	takeout-0914.webp	takeout-0914	681d2d13250604108318e28c7003ddd362cb46e890e23940952bb6538d7423cd	unknown	nature
nature	takeout-0915.webp	takeout-0915	dc2a68df91f39ff08a37ea8776b46a94ce0594753847f007794d83ba5e015c06	unknown	nature
nature	takeout-0916.webp	takeout-0916	b093957b0e2bd89de56ea810b5a82dd9a72b5dca35ff6be5ae11cbe27043f5e4	unknown	nature
nature	takeout-0917.webp	takeout-0917	0217954e7524f8a0fc39efc7b5a308ae241a769567268172ff3c0c2acf11741b	unknown	nature
nature	takeout-0918.webp	takeout-0918	b1c9e779cc919779f78bcb0dd22dbee645f88a34fa5cb269b7e4408389ba4db8	unknown	nature
nature	takeout-0920.webp	takeout-0920	874632563830ea9d194e8acc18d0812c42fa2fd21a121682c062078df7557e24	unknown	nature
nature	takeout-0921.webp	takeout-0921	a3a2ce27623fd1cdfa472ecf642cf4c109a28a5f690ce452340400e7224b8837	unknown	nature
nature	takeout-0922.webp	takeout-0922	2791cc8a9123fa97b196a4cc890ab567e02fa2c88e00e2989df4ab2b600b8f2f	unknown	nature
nature	takeout-0923.webp	takeout-0923	41e4d13cb61f20d972e463663de92ede4003c7823526b2f6f9eb17135affdafe	unknown	nature
nature	takeout-0924.webp	takeout-0924	17b0459218b2f42f9c120d56466ab889fad1a384b13cd9d3eae3d2d80814630c	unknown	nature
nature	takeout-0927.webp	takeout-0927	f81b70e57d3398bb17efd8f4ee6f4cc41b0d1131c2691fd6a566d0c181e46a6a	unknown	nature
nature	takeout-0928.webp	takeout-0928	624421ce02e233f8ce27b9f57748540ee64cc0e25b9630345b1b56fe07345b47	unknown	nature
nature	takeout-0930.webp	takeout-0930	eec97ed3a243d50113820edf89177e4f79bf2296f0d9f3028b1fe253cc5f1361	unknown	nature
nature	takeout-0932.webp	takeout-0932	47a01cf5e59a8a6950ea75a9dac0208bf9f7631fdd33d92fc5792a644ff45e3c	unknown	nature
nature	takeout-0934.webp	takeout-0934	30801120dd1398e89f8a8d34823ee08b698bf5d2b89f1263b98fa9359d8e2449	unknown	nature
nature	takeout-0935.webp	takeout-0935	bc640a6eec073ec4df168dc521b300815afacc7fb9f2a9daf16b0615170547fa	unknown	nature
nature	takeout-0936.webp	takeout-0936	79ba96fcb7692e2e74074ac85dde76f5d1039c09146e6a878ee352e433157d26	unknown	nature
nature	takeout-0937.webp	takeout-0937	a9792f4fd2b20248b6cb97bfaa9758c2e55bec72264191b5c6e3b028741aa44c	unknown	nature
nature	takeout-0938.webp	takeout-0938	ecd88de97858151aa68a7c40dea515f0a611200414477bbdfbdfdf74c6c69cd5	unknown	nature
nature	takeout-0939.webp	takeout-0939	0e851d133fa24e9ab534a7f8d83641637f5897176f247f3cf3e035bb72face03	unknown	nature
nature	takeout-0940.webp	takeout-0940	055e223cd616551fa28c9b7c25ce6e12cf9f0afab7d3bc6858f61ccdc7b57661	unknown	nature
nature	takeout-0941.webp	takeout-0941	b7fb9c29ffd810777f387b8265618c8b94e15c953e721acf86e8cc9856035f9f	unknown	nature
nature	takeout-0942.webp	takeout-0942	2859e289f33bab7c4b9677f8b783bfccc5b517c1f6bc7308b18b5c003e707777	unknown	nature
nature	takeout-0943.webp	takeout-0943	522c02adb8c7869cd737a37e402807c14f9046da14ea3d8bb63100e767e253f2	unknown	nature
nature	takeout-0944.webp	takeout-0944	57a3d31ac412c5f8d133ed894c658a6b43ac85d6f4a879afcaa72b3fc04294b5	unknown	nature
nature	takeout-0945.webp	takeout-0945	04c6e242d9553297aec99db02ce5060ab9a91176a2f5f14b0b0d28685706dcae	unknown	nature
nature	takeout-0947.webp	takeout-0947	0d626f2de962029068189fa45bafe0748f1508c68c58099e37ffc3882492a4cf	unknown	nature
nature	takeout-0949.webp	takeout-0949	2946544795d083bb6aa253b972a83004703c04bc7b866a54bacb0489733a4677	unknown	nature
nature	takeout-0950.webp	takeout-0950	85961efd7d88424f69675169da6a6ea495e6dfb2eb45baf5f40198cb6df5f599	unknown	nature
nature	takeout-0951.webp	takeout-0951	a6e1be2a5ac05898833c6bef4e969fe38efc767d92cb8db25d8a0ea2e6f890a6	unknown	nature
nature	takeout-0952.webp	takeout-0952	9be266cc2b56ca2f16d2c050ce4fb21d6d527fa17b29df09890145f916aeb9e6	unknown	nature
nature	takeout-0954.webp	takeout-0954	f36119675027306371f6ee6fcf47be7f163d322ff64f5434d3686c6d49dcab6d	unknown	nature
nature	takeout-0955.webp	takeout-0955	e3a716e56c9eb831dbd8f7c938390cc74e844adce9dc2541d0824eb22e89e17b	unknown	nature
nature	takeout-0956.webp	takeout-0956	56e207bbe1884d49033b86ce11a2de59596b6229d9376e3f59c80ec602d6599e	unknown	nature
nature	takeout-0957.webp	takeout-0957	502ce5d96d1229aeb0bed3cce6f9fbd7e14c7c6d1bc727ac41893b8922a49d77	unknown	nature
nature	takeout-0958.webp	takeout-0958	925a8f2e8df46ef3129bd701cb970f4196ca5b2bd704102f397508b3426df640	unknown	nature
nature	takeout-0959.webp	takeout-0959	6c83a4e1f2577f5d932ad51acf65858446bc4f356bdfb2ecb4ea48c6acc5a3ab	unknown	nature
nature	takeout-0960.webp	takeout-0960	bb85b756e02c314a02bfda930a1cb747f7ca28cb73fd222cace894be5212292f	unknown	nature
nature	takeout-0961.webp	takeout-0961	58d3a97a2a593da152dd06d9e8b77c6d9d59336a43cde9d573e9e459c419270d	unknown	nature
nature	takeout-0962.webp	takeout-0962	0ec4e5e9ebf66e1b80b33e72e44912db090b17c82451f1298fb07fc6db5df12a	unknown	nature
nature	takeout-0963.webp	takeout-0963	64f38388a7a547ea71ddc5acaaf9449d221cde9da4ad89cdf73a36e1a0af4077	unknown	nature
nature	takeout-0965.webp	takeout-0965	cbb589bd42db54ec5b6a1b75fddadaff947f4ddef56413b9346be40b34724f8d	unknown	nature
nature	takeout-0968.webp	takeout-0968	39bd9845fe47dd72975f8ca0affacb70aa70a89b59836cbc3a837c9fe401a246	unknown	nature
nature	takeout-0969.webp	takeout-0969	dee86a86f0f9adfa0a40468f6695bf9746431e7e5a9e19d980067cbd818bb50b	unknown	nature
nature	takeout-0970.webp	takeout-0970	89cd6a9a186622fd465006d7c43b97108a0f887fa6548fd394033e30a474ddf3	unknown	nature
nature	takeout-0972.webp	takeout-0972	ed1f44c81f3329414bd8f063089350d54d50db3613db27abc821bd6f977d8982	unknown	nature
nature	takeout-0973.webp	takeout-0973	7204fb90baca2c494019773a7d32b208f1d1aa5a80210d00cb963e118df5f95b	unknown	nature
nature	takeout-0974.webp	takeout-0974	2ea7cbefbad63b899a07f3071e084a6c9e2533c13e83538669dd246ba1472166	unknown	nature
nature	takeout-0975.webp	takeout-0975	386c128ed30c11e5f0b2c056cfe172386432d189600c717584111776616a603f	unknown	nature
nature	takeout-0976.webp	takeout-0976	6a2435e0ab5574c2317184ed21a487b7bbe828d2e78322fa14a36fc1bcfe1f4b	unknown	nature
nature	takeout-0977.webp	takeout-0977	b6a0705367789e4be8eb91c3adaacb1b3d745f2984285b55777b3aace3b9bd3e	unknown	nature
nature	takeout-0978.webp	takeout-0978	c409d5fa041a891b7e63a401922681878ac2a1f8fe166bd31f46ebcb6b693fcc	unknown	nature
nature	takeout-0979.webp	takeout-0979	cde02c061201196dda24358c64ca040dcd7a38e9ef65c154663450be93f9bc90	unknown	nature
nature	takeout-0980.webp	takeout-0980	6bad529b27cdb4b53b2d09b09642a35ea2f2f6226e7d83d64762a0854a3b56db	unknown	nature
nature	takeout-0981.webp	takeout-0981	78ea1ac084d38c0740bed6e6eb096ef772f6e53e9180e39c5142648254fc2a9b	unknown	nature
nature	takeout-0982.webp	takeout-0982	3284763abfc8565c7d91a02cab051bdee45300479af9b29dbb623ddd157bd529	unknown	nature
nature	takeout-0984.webp	takeout-0984	846a03cbb1c0b0994a9f3bd4b9783280d6f4d8890a31c9d78577572a59e048e5	unknown	nature
nature	takeout-0985.webp	takeout-0985	66fa9b657f31e530a3c8caee8216d5227cd9a4aa74d0e4a7f5d39f4e1118af18	unknown	nature
nature	takeout-0986.webp	takeout-0986	a8562fe006fc74605d01e2760dbb098b3defe4f74bf4ae94c12cf70688ad0a70	unknown	nature
nature	takeout-0987.webp	takeout-0987	b36452d07d7de6c696234a6ab1bf6e6d5801c708a15acde70bf60580365d785b	unknown	nature
nature	takeout-0988.webp	takeout-0988	0c6436b2cd8b879acc7735e46d68e22d1c4f02834c6c2075bfd0d0a85696f2af	unknown	nature
nature	takeout-0989.webp	takeout-0989	edffe5b3d2eecd622c211585c8709df727d7f4664b628d5a5d6842dc5275bdee	unknown	nature
nature	takeout-0990.webp	takeout-0990	37a8396c313356437147ed7f52fcda2771506b97a5195aae1be863e6cbfbb8f0	unknown	nature
nature	takeout-0991.webp	takeout-0991	77d7303dc69cb97fdf2c4ba255af149b63d316b7d57e69e0ef207e3aa48f1815	unknown	nature
nature	takeout-0992.webp	takeout-0992	6613d5358b757a56b85721cd09b3b1b8be46011a02ad9461fb4f3d4caa11b568	unknown	nature
nature	takeout-0993.webp	takeout-0993	0bc5a8e4fbd0f1e457929ca5138069cd7aff5ff3bbde9159c0b1fd80ab81e8d5	unknown	nature
nature	takeout-0994.webp	takeout-0994	dc308f63f0d5da06b3879ff11882fa76caa9579f24d40ea590309d86f45ca920	unknown	nature
nature	takeout-0995.webp	takeout-0995	e88d8519ccce9122079a0cc627182144128df1c171068329fe3766cd7fc222ee	unknown	nature
nature	takeout-0996.webp	takeout-0996	e4ea857fd99ca42dd5903ce37e07fc6e1713dd19f62a0533a4c6d13d667fc321	unknown	nature
nature	takeout-0998.webp	takeout-0998	56d7676bce01b89973080cd462d00e96353b7e220caf594bb38144c25d20a662	unknown	nature
nature	takeout-0999.webp	takeout-0999	e9fbbf6487a915a4fcf82136a729c88546932c7477178f0fab34eba44476a5ac	unknown	nature
nature	takeout-1000.webp	takeout-1000	45e3ba8beccd531acd8157563945f7c9a6d19ecd7112222bb48af224a2c1dac3	unknown	nature
nature	takeout-1001.webp	takeout-1001	a737819b12e792eef0ae3d19c108597a960175f9a74206da50f193f66283ffcc	unknown	nature
nature	takeout-1002.webp	takeout-1002	0936b951ec5989067939a9ff34a26cf6d8a7ce10a97ec7274f2cc4ec02d985b6	unknown	nature
nature	takeout-1003.webp	takeout-1003	3157369ecbb10b6f900d030a57c662a4f06603fff586390f7b3c471e2c9284ee	unknown	nature
nature	takeout-1004.webp	takeout-1004	afa56b037e0022dbff1dd1883bfff4b09d3adf23670b8c13f56df15b81c2b0b5	unknown	nature
nature	takeout-1005.webp	takeout-1005	251847b2e8b71c9cd66046c8b4db80f3ab0e74536038d6451d573e47954848f1	unknown	nature
nature	takeout-1006.webp	takeout-1006	79845f28113d440b535713719e8f2ccabadce311b07f4abac12eba73b5c1b459	unknown	nature
nature	takeout-1007.webp	takeout-1007	a2c70a56143e54b7b0d0bd2a71e1ccba3c1e3aedbf5921eab79d8042fd2d57c3	unknown	nature
nature	takeout-1008.webp	takeout-1008	cd82ae7471511bda2d5647194284237a94839fa6e795b18503bdf69937d28c49	unknown	nature
nature	takeout-1010.webp	takeout-1010	7c0f57f04db62539036c9630c12073b43837aee65cdc59e6f5259e0876f1d599	unknown	nature
nature	takeout-1011.webp	takeout-1011	d98e1a9eeb5b374e8948e86c772adeb7a496b0833e2e942384e9f2cccc8b5f78	unknown	nature
nature	takeout-1012.webp	takeout-1012	5dab5d536292defe382dc0236bbeef67c3607a6eb2ad53d2c96c635184cd9c12	unknown	nature
nature	takeout-1013.webp	takeout-1013	64fcc927186dbacaf1da86b783ecd46ba6c03019dc1f5b9321ccad6529b7da9b	unknown	nature
nature	takeout-1014.webp	takeout-1014	80e87136f678b21148284d35f13a5c216316008472df867827438751ad58b2de	unknown	nature
nature	takeout-1015.webp	takeout-1015	ff1aa3782165cd9483a8ff0266d60ae590d26c200c08d0757bd4c4188d980f71	unknown	nature
nature	takeout-1016.webp	takeout-1016	e4e52c95c01699fb24436e6b6f4e7fa081f9aa7fe478a70d4326b77333be6826	unknown	nature
nature	takeout-1017.webp	takeout-1017	aaa4dd55a921a25d1f899f444dd4542781c68ce447b6125bf84c641942c96233	unknown	nature
nature	takeout-1018.webp	takeout-1018	89cfb4caca5c1436d7ab5a8c0490ac9f5068fe0bec8ff5a35176de89ab036e36	unknown	nature
nature	takeout-1019.webp	takeout-1019	3f1ad83957e483d0869e97dab78a7ce1b92c503dec6b8012460eb256fee76a9e	unknown	nature
nature	takeout-1021.webp	takeout-1021	100c1799914ebede2a0b63839791c41887f66ca34e7e6a73fb2441d39023327a	unknown	nature
nature	takeout-1022.webp	takeout-1022	def5b03dce287a20e5b2d26f799fa458949f403acd1fc7c6c5312c3049919b15	unknown	nature
nature	takeout-1025.webp	takeout-1025	22b9ec1c627c167d9161cb9f4168bb59a5a4b8703665c4cb84ba5a90e5f4a18a	unknown	nature
nature	takeout-1027.webp	takeout-1027	867efd3fe0e1cbc428f0b9487d38ca2c832cfa62898c627050eb6471dfb8f6b3	unknown	nature
nature	takeout-1028.webp	takeout-1028	8626393c96001d99f3e174424c0bc6a7d003ae553c674a29eb5525342e18955a	unknown	nature
nature	takeout-1029.webp	takeout-1029	3e7fe3adf0f25aaec3a69a968e3e3018e639ecb6d51c7daf320dc8699f840678	unknown	nature
nature	takeout-1030.webp	takeout-1030	47d4a92df8a815a3922654123ea0860f3c51a977e6616b213b4759ba2bf59987	unknown	nature
nature	takeout-1031.webp	takeout-1031	f22d1aa5eb44572412bd0d69760c04b4aaaef200de59baa93db4cbf652870e52	unknown	nature
nature	takeout-1032.webp	takeout-1032	db5b4d57077e0bf454dbd3e8b344966d4478d81d23680d69ad28a04543e35cbf	unknown	nature
nature	takeout-1033.webp	takeout-1033	189a0858b3eec0155dc74527db120e82ae7dce073dda1c1e37cd99a46a97b24c	unknown	nature
nature	takeout-1034.webp	takeout-1034	4351fad65219778cfd2d0ab6323a4b80ff917543dbe4ac5e2c17c44c61375247	unknown	nature
nature	takeout-1035.webp	takeout-1035	cf1664e41a83135123f89d4592603f107a81432b7533f4c383c691359aa6989c	unknown	nature
nature	takeout-1036.webp	takeout-1036	6466d774a5d7fe85af2ee92c78af09dbc84a3043d2068bd0fd9ee720c54e16d4	unknown	nature
nature	takeout-1037.webp	takeout-1037	211baf967f15b4acb963c9fda5116630608a86d2595e24396d473f49f1ee76cf	unknown	nature
nature	takeout-1038.webp	takeout-1038	5abbe09c35839b9d1c9838c2772dfd143e7952514b017cbce863e22f44c0f98f	unknown	nature
nature	takeout-1039.webp	takeout-1039	8de03b1880023e94b8f306fca2ea7ebe48515465ce9242abbb3b6857c9874bbb	unknown	nature
nature	takeout-1042.webp	takeout-1042	dcc3a736e1b0e126f31fcc1ee387567acd89c1b4d04ea92cf313ac6270992cf7	unknown	nature
nature	takeout-1043.webp	takeout-1043	9265cbc28fc5f0515d5cb6736ff9ff729aa1c45e79be1fd094866e9b23e7bb08	unknown	nature
nature	takeout-1044.webp	takeout-1044	d78d3585bff3bf0d3203b3605532c5bde76d9e1dd58f28e0d9dc88f4546431c6	unknown	nature
nature	takeout-1045.webp	takeout-1045	275dbbbd4c08e9b5b682a35cdf4bd12aeaf375fa7e8e5eb521a62122da6bd5ae	unknown	nature
nature	takeout-1046.webp	takeout-1046	3aa2654660c95ca19688b8a08e07f31e52b9c2dc1632a4991aa6f1a169a3f433	unknown	nature
nature	takeout-1047.webp	takeout-1047	e7c7cfcab361483c6e3f718b7d9ddaf86681e0301d1d98ceb36d9b2df6becdfb	unknown	nature
nature	takeout-1049.webp	takeout-1049	9d203626b3b1de8dc5b502cc5c17a2b4bc550be703a740797f83c2c3b880e93a	unknown	nature
nature	takeout-1050.webp	takeout-1050	e3da18f229aabbe68d05a95985af8488ef24b9081e8dc800868078fc75f10eac	unknown	nature
nature	takeout-1051.webp	takeout-1051	dbcffdb3829287a46b247513a5d3f64c3c9191410efcdab4508e0b8651135048	unknown	nature
nature	takeout-1053.webp	takeout-1053	0aeffb5ae68ed146a01b73d7ccf33675d426b1461397214b25b695635454a1eb	unknown	nature
nature	takeout-1054.webp	takeout-1054	1642cff3ca237aeaab74c55cda62974efa3d2a5734c113a8cb7bc8408c91dfe7	unknown	nature
nature	takeout-1055.webp	takeout-1055	816d4bb87b6647444a5377305849cb74cb330fca8e91fc15b50f0e593349fb13	unknown	nature
nature	takeout-1056.webp	takeout-1056	192a4a5b7d716b7a1c7a569726b4268b2257d8347678fa354816d5895cc3946d	unknown	nature
nature	takeout-1057.webp	takeout-1057	35d4a39ebc8f9c3cb1541b625edf3de56d1810c9120be0d2eef07d34b0bffb71	unknown	nature
nature	takeout-1060.webp	takeout-1060	fae6f556647da87c0ce941620f04661cdace41e31771fce17a275972bff217eb	unknown	nature
nature	takeout-1061.webp	takeout-1061	ac62ba7b13d312bc4a923cf2d64ab186d9a4b0bd10c38a3645f967d4467ac745	unknown	nature
nature	takeout-1062.webp	takeout-1062	e83bcabe63a85f7eb330d38275cd2f7fb691c0c62724bd6f478c49f7a020c27b	unknown	nature
nature	takeout-1063.webp	takeout-1063	114f8267e2e95182f64aa304ec06a93c31252d5ebba446140b130cc27a17c7f1	unknown	nature
nature	takeout-1064.webp	takeout-1064	f6705faf3c14fffd09ffaf167ef454477ac4c5e05790e557712eb88f5bf68df9	unknown	nature
nature	takeout-1065.webp	takeout-1065	acaee26eda5d6664c8490c19de470d1aa28496d0141761dee2d8a8754327fb6b	unknown	nature
nature	takeout-1066.webp	takeout-1066	7a47c692d1cd763d1977c81f7c76e03605a02053d90a39a23e398cd4ec0c3664	unknown	nature
nature	takeout-1069.webp	takeout-1069	f5e69a268cff83ab0d6147ca7f6e167dd1d015b42177f06a3a05d199cad86b13	unknown	nature
nature	takeout-1070.webp	takeout-1070	0e21f2da6dcbbaa5cf98a230a47b5db2a33c83023c7391a3debe6f1ad863e10e	unknown	nature
nature	takeout-1071.webp	takeout-1071	9c16c40ca7672bcdc0c2cb8a315ab78866efd90e82b6febf9f2036c8404a4efb	unknown	nature
nature	takeout-1072.webp	takeout-1072	f536ca3fdec3d8765ddd70bf6a182027f85c2743f8afb9b8b34693a3eb7233d7	unknown	nature
nature	takeout-1073.webp	takeout-1073	e2989f5700eba26ce741419b6a47d53930495cefaf4b50186dcc1581e1065f59	unknown	nature
workshops	extra-0108.webp	extra-0	6e5a78fcadac7ce443dad388a895e25671e54abb6eb8a5bb074fca9dd35a3bf0	unknown	test
workshops	extra-0109.webp	extra-1	3d1d1b6aa8ff7eadfe2674bd705ea845a588c6b039878ca03f2c3a109ef1b15e	unknown	test
workshops	extra-0110.webp	extra-2	d13ccad59358e0dc3f2f286cc540efa153a5f9fd21870597742c470ad8bb2c3a	unknown	test
workshops	extra-0111.webp	extra-3	47374efc43cdeef4ebec3bb73eb7b7c7623f948e2c971d3fee543d00c3d7ecc9	unknown	test
workshops	extra-0112.webp	extra-4	e1e6e99c063d064768fa77ef19e9ce452b3bd0111ae293162b69c09d89460ecf	unknown	test
workshops	extra-0113.webp	extra-5	d5e7a7ab28474a2cce9f425ec432f28161ee6031981511ded5e78eb3995a3595	unknown	test
workshops	extra-0114.webp	extra-6	81bf847af44ffe92792f0bd2e436341a38571234a96169fb0de57d0465afc46d	unknown	test
workshops	extra-0115.webp	extra-7	f61220c2e23d777648556c1022f1606f4834e26b2f8b0b61394fe67a8f9f0438	unknown	test
workshops	extra-0116.webp	extra-216	61bd906f331e1d2ce84bc426f68a599fb601574147ff613e91930f49bee291d9	unknown	Дифект
workshops	extra-0117.webp	extra-217	44b6975badf373136404550259bd7c8f507ee3a1e79e50c5b05dbb67fc8647ad	unknown	Дифект
workshops	extra-0118.webp	extra-218	4ef2d6dff8d5f1d03b3d83ce48870c01c08bb9ea1294dcc0b997c8e25fd80cee	unknown	Дифект
workshops	extra-0119.webp	extra-219	735c7659e28f02514ea9f6c3efcccdcaba3fae7de8274fefefb07f47d966ba5b	unknown	Дифект
workshops	takeout-0324.webp	takeout-0324	e405dd56ab0803d02a5aa1524215bf0214d731d5da9641a5fd43afd8133e53ea	unknown	workshops
workshops	takeout-0513.webp	takeout-0513	5e0ea404ac0b846cc6756748861ffe4ca83762d1025e6d498076a7d3370dbe2f	unknown	workshops
workshops	takeout-0789.webp	takeout-0789	795a329cf4f1bde706e71beea57e6199866b5c9c7bc132963576dbfc742ac64f	unknown	workshops
workshops	takeout-0860.webp	takeout-0860	ea16491bd71dffa78fad17c6d2bbbd73716dedebbe8101cd64063c2473997850	unknown	workshops
workshops	takeout-0933.webp	takeout-0933	a3aa578ecfb4f6da8c5a24d2c7dc0ffa8a657f45607f9aa29e4534b0d6ebe9d4	unknown	workshops
workshops	workshops-0001.webp	0039	bf9b5d1ea0f1126aadc8e478e794313fb6ecbb77060111ffb5b46e20ac090eb6	unknown	workshops
workshops	workshops-0002.webp	0040	668fb9d5d9c0fc64849f842e7e242ed368702ac243fe42b42190d709e400e1e1	unknown	workshops
workshops	workshops-0003.webp	0151	79cefd943d03bd70781110d371bfbecfd6e0cb26e5d36428d677de73f8ffd9d4	unknown	workshops
workshops	workshops-0004.webp	0152	509dbf014ccae47c1f31ec78234769974a4c01c2430561ded242c286605bb208	unknown	workshops
workshops	workshops-0005.webp	0153	9fcab0f2e0677b2ab192f3954648d15c63f5249ad2c1bb92d05219a8a070b733	unknown	workshops
workshops	workshops-0006.webp	0154	5ee456bb389693b6a8042968f71dc3b6ada3eca41911c2e55c7cfbf962aa19e9	unknown	workshops
workshops	workshops-0007.webp	0155	abfa6cd9314e0ca1d39b3758b2b66379d262e71a674f73a801c74a61bb30d4fc	unknown	workshops
workshops	workshops-0008.webp	0156	90e0c50149add017430f024aefe649fa0975f7f1589f0f3d7d87245ac6b67fd2	unknown	workshops
workshops	workshops-0009.webp	0157	005fe3410f07a6a3edf71cda60c46a2d285811c36bb9bd4a2a8f420de016d2de	unknown	workshops
workshops	workshops-0010.webp	0158	c07b44c6c5a09808fdec4d5ff112bf9bdefc5ed7b49a9fb226f0f64c3931d754	unknown	workshops
workshops	workshops-0011.webp	0159	1eee42c15459b51269967a4aabfea0b24d04960f4fee182624f4272f7eeaa7eb	unknown	workshops
workshops	workshops-0012.webp	0160	1b9f16362020806e329a97a8842495f885d08bb2be32b356fc232fcd549abaa0	unknown	workshops
workshops	workshops-0013.webp	0161	36106d8cee85c73aa72c97512f22c666cd4734fa78c8e2c272ae73bb6c3d6123	unknown	workshops
workshops	workshops-0014.webp	0162	4280c6693311c972bc649f9e1f8409d39faccf986a89817c8c0a7590c63f1897	unknown	workshops
workshops	workshops-0015.webp	0163	597241065e8ba56b49ecd6cbae74f5bad7845366fcd2b719f99d9f4835275731	unknown	workshops
workshops	workshops-0016.webp	0164	e5a86775d438e82e4c218c47d1c986e75d8053596e28de037848abfd48dc89a5	unknown	workshops
workshops	workshops-0017.webp	0165	a44ae30782ebc82c69ec2d54c121e6fa259411ac82668566e4c739bd13630c92	unknown	workshops
workshops	workshops-0018.webp	0166	0a33db3ac451968ca17d9a60f7a9066d9252ea208a2dc8ce7f5e674aaf1bfdde	unknown	workshops
workshops	workshops-0019.webp	0167	52b9d199d15cf81831c4f14ba8197523327924b92b967b48ddc5b49f489cfc0f	unknown	workshops
workshops	workshops-0020.webp	0168	31cf3ca7493446cc68fd53d9dce1747f786a4d1f33b6c054b3a5c2131d8e902c	unknown	workshops
workshops	workshops-0021.webp	0169	4b8cf1a919b9cec80bcf5c739044051c17c80ecc4efda7862bd12091bbec0fbb	unknown	workshops
workshops	workshops-0022.webp	0170	5fb508f8076e2cb66d68747ec3c568a3cb63782a1c9d1765c3984d27d24bf81f	unknown	workshops
workshops	workshops-0023.webp	0171	6aaa34a4ba7170b45915713838a16f188451c9ca372dcb0d6bec7f27437d8698	unknown	workshops
workshops	workshops-0024.webp	0172	c2cb1cc76048e780ea28a4c0b2fb5ef644c7b4b9dc458653619ecb63305f1b03	unknown	workshops
workshops	workshops-0025.webp	0173	ee899cb7dd33320c63242ad841e7b23874bbbd58d2b1635d1aa2cd8572ad8aff	unknown	workshops
workshops	workshops-0026.webp	0174	79efedbfe14e1ea41335c6f65e877d2a45d0398b2cdc53b4f3ac698f2cf28be3	unknown	workshops
workshops	workshops-0027.webp	0175	fbdd9e5c32935fdd31a7bc36b9815f9aaba1670615d28c8a069cca0c1e9fe2af	unknown	workshops
workshops	workshops-0028.webp	0176	37b9cde3de03bdf5c4181f53137454d29b6e3a07bc9f8f0baf378f55ba36c604	unknown	workshops
workshops	workshops-0029.webp	0177	104d10eced9761872d257c3fe7dbdee1c8e2e497230b17566e4d5da751efc502	unknown	workshops
workshops	workshops-0030.webp	0178	af1ed9a48c6243970f1350735c845f01bc29b5f2e26859a9fd5cf193bca7f504	unknown	workshops
workshops	workshops-0031.webp	0179	3ca383ac1f1670a34aeb9624719397cd2916b0203cf00211da8362c3c4afb6d5	unknown	workshops
workshops	workshops-0032.webp	0180	7daea534ac3d6a8049d574252174bf24b1fd6e6dc82d754b943a2cefbbf45b15	unknown	workshops
workshops	workshops-0033.webp	0181	19d17e154c0da634b6d172ac503985920a2d37116063a6f1f1605beddb048795	unknown	workshops
workshops	workshops-0034.webp	0182	e2f52392205067e11052e7e651d926c9b34672544a53f8c1e9ef9b37295f0351	unknown	workshops
workshops	workshops-0035.webp	0183	dc0dcec51e0272357824a160b6750dd1b078067d30c755e6734416064bc9b10e	unknown	workshops
workshops	workshops-0036.webp	0184	35e03d390934a100dd50e80343e3ed9ecb796ba080b934879671e80959b2e6be	unknown	workshops
workshops	workshops-0037.webp	0185	5c8fd0fbc6c765a2c2ea6576d7849b66e229919b5c004f4d293346d5476552de	unknown	workshops
workshops	workshops-0038.webp	0186	2c28a22ade080b604ca243b7cfd40188eaad5f3adfe9ba3cc7ce2b9da6333659	unknown	workshops
workshops	workshops-0039.webp	0187	a26e4cef1064afa426712346c8c3b0c577754b6e406ad19831de0f9eed3e4383	unknown	workshops
workshops	workshops-0040.webp	0188	551fa260ff28fe0a1fd952c2f9a459d349dfb2de8688c0d9610913bd2e8bfb41	unknown	workshops
workshops	workshops-0041.webp	0189	2b9499644a6f8e4f5e3c389724bdca1c8c5cedcbe77fd8ad1ca8ca2751716786	unknown	workshops
workshops	workshops-0042.webp	0190	eeb5b720e68bbfea3650345d7ba4142bc88526ea88dbcb692a4f47104113cc88	unknown	workshops
workshops	workshops-0043.webp	0191	18b19073b33093cf79de44221d1e74a6c0bd033252eb4d596fd4a4ca577f9a0a	unknown	workshops
workshops	workshops-0044.webp	0192	74f2fe7601c7be4529aff8bd997a6df6556154e6d122cebd1da9c29cb0aac3a3	unknown	workshops
workshops	workshops-0045.webp	0193	8b106056c3dddc36ba1bd3a01f9340783fa6a18efd0cfa59eba5045bd2c06c39	unknown	workshops
workshops	workshops-0046.webp	0194	b0107125c877237258321cc9c8835de023da72a17beba8dd2642a0ffbabd8923	unknown	workshops
workshops	workshops-0047.webp	0195	973d2ed1128a68d6fcb795eac459f904a9962aad82005ee05f20009190a8d395	unknown	workshops
workshops	workshops-0048.webp	0196	f07f39e4f0e2a916bfa79273517d3d98d775623f0dd658e2c08bab425a778d24	unknown	workshops
workshops	workshops-0049.webp	0197	51398963fe6c6955c6779f3faa6b293bb37602e16ee43faf5691ea59c81fdb6d	unknown	workshops
workshops	workshops-0050.webp	0198	39f940efe3d7feb1f851c3aedbf1925852057e76184f9866b9db6c44b0cd46b5	unknown	workshops
workshops	workshops-0051.webp	0201	ebeadb0363ed572a6387a01226b887906b1ab28cf842f1de24736f4e7b9fb84b	unknown	workshops
workshops	workshops-0052.webp	0202	8ac5ca57bd0822670c4871f14e7ff46ca5d7c0bd5001a4c00a46781735bf1954	unknown	workshops
workshops	workshops-0053.webp	0203	5311fd09b8a92f9bc505c6f72319729018397bd732110caab25753317f459ace	unknown	workshops
workshops	workshops-0054.webp	0204	91b05645c2477916cdd85b0bdf4b9fc5088dc83d098e919acc3789fa034ee2f6	unknown	workshops
workshops	workshops-0055.webp	0205	ef5d546a801217eb049458b28a69194252af2a434bf89e99c70f5afe0c26d8dd	unknown	workshops
workshops	workshops-0056.webp	0206	818332009d4e794bdd2ed79c1cac6b8d8d25e711cf7f0801aa177d77b34eed69	unknown	workshops
workshops	workshops-0057.webp	0207	8b588ce490e74520ae320ef289fffe5af2519d8dbdc0ff181027d2198be96f72	unknown	workshops
workshops	workshops-0058.webp	0208	44f68bd1e4441c746df1e7c28681e6f28fad954340d858c6827405f5c2d52ffb	unknown	workshops
workshops	workshops-0059.webp	0209	e08fdc43a30a398e0ff8f56e4664cb7e31277ba8bfc184bbd9791c53cff286b8	unknown	workshops
workshops	workshops-0060.webp	0210	2641a83368a282e3006e20b626cc352a189a1cccb65d2cad1a532e382efc31a2	unknown	workshops
workshops	workshops-0061.webp	0211	8e9a0ec838ed6cc007ce47470878280a9661f2bc6f862d967a1a39a334a5ef97	unknown	workshops
workshops	workshops-0062.webp	0212	ee38ebeb24bbc2855dec45dc8920411569e3970cdf88c6b8262464387eee2078	unknown	workshops
workshops	workshops-0063.webp	0213	074dc45be7af4ea99028dca9af317f68213ac13659c0981726342f4c9f77030d	unknown	workshops
workshops	workshops-0064.webp	0214	2e85b647d0674e913668cfecbe86509cdd32416df02da0904700563aecfd7ffd	unknown	workshops
workshops	workshops-0065.webp	0215	e38cdce01a224e58e2f4653190f86d70ef84063fb02003f119220773787bd825	unknown	workshops
workshops	workshops-0066.webp	0216	badf4157992fec38d4406cedb88e2c64f8d294f8fd6ce4448fc7cd95f0f2ac6a	unknown	workshops
workshops	workshops-0067.webp	0217	a0a67b73eefabec165283c64908ea841a1b02a9ffaedda6af4a37b46baa3ec5d	unknown	workshops
workshops	workshops-0068.webp	0226	9748fda22da72f439843c8dc388d9a4a702031451c9dbdf13c8b4f0dd36f8592	unknown	workshops
workshops	workshops-0069.webp	0227	c2c53b4108276fc582b662d743605aa80fffd2dfca1770a2d328168afbf60437	unknown	workshops
workshops	workshops-0070.webp	0228	e376863449c303973bb8f722b36416b2da27847b0f231f351e5c160c6a9d88df	unknown	workshops
workshops	workshops-0071.webp	0229	25f7389afe69af193c8b3e9929826cf513260332e542366344ee75d3393605bb	unknown	workshops
workshops	workshops-0072.webp	0230	7be802690a28660aec78e9d65ea6b7ace32ad22f156cc3ab0c0ab877b3c455ad	unknown	workshops
workshops	workshops-0073.webp	0231	773d7f7a99b630ced0a14c21aac20df81dbfb337cb7b6fe8b5273ff4ee905a1d	unknown	workshops
workshops	workshops-0074.webp	0232	aca88de807f6165c7ac2c99bb49a07ee4e23170bdc3bb7b0b62df64ad05b00b4	unknown	workshops
workshops	workshops-0075.webp	0233	9e579c5770f0b63bc6217c40d1760900a0091412e6805868fd66eb1b93cd117b	unknown	workshops
workshops	workshops-0076.webp	0234	31d8a088062d8e1d74fc961449148c71c364c2d78a3a27c11f55c7e5f4572129	unknown	workshops
workshops	workshops-0077.webp	0235	dcabb958882135c7042b8c43a389997a836ff68b3038f18cc4e0ff0d58246dfd	unknown	workshops
workshops	workshops-0078.webp	0236	815b758010f43bcc5c1bc5e41abcddc8f94c21c21ca557ffa99dec16e3c0ee33	unknown	workshops
workshops	workshops-0079.webp	0237	851f353066f512edc448e1fcf9d58740ecc7e044bd4877ca4a17dd945bc0fec5	unknown	workshops
workshops	workshops-0080.webp	0238	c6856cd5791f8b537ca6c2bb68d7d8bdeccbb2ace704a81796af48fcf3840dfc	unknown	workshops
workshops	workshops-0081.webp	0239	609a9361ebba639687e75b457306a2de4c3a82110ed78db6d823e037bb4b455f	unknown	workshops
workshops	workshops-0082.webp	0240	52190e8fb093af77485a38da6a650e904a3d0107e43fb6e69093ea881e8cdf6f	unknown	workshops
workshops	workshops-0083.webp	0241	f43f5da2c3985f8639d13b3c72e2a81c4a4d71905ad13f3961fff279216bec6a	unknown	workshops
workshops	workshops-0084.webp	0242	b3133200cec2372e93f7e5d5709d500c30a1f91b22147f57c558538f037617c9	unknown	workshops
workshops	workshops-0085.webp	0243	7a2cd6cd5693e28fd372d72b43ebdb05fb0c0127882af0dc0bbf3ff636113b04	unknown	workshops
workshops	workshops-0086.webp	0244	62e849d898e43336b3a1425c99f7f0ba745b3801d61c2edf770fc1d237212e4c	unknown	workshops
workshops	workshops-0087.webp	0245	5cde8faa7413bce244b7c0c302284ee35d266a6b80c5714eaee721d8a6f28d87	unknown	workshops
workshops	workshops-0088.webp	0246	342df6876e193138561367196d5b2e2ea570cab339cc423e317e5ccdbb0eac26	unknown	workshops
workshops	workshops-0089.webp	0247	f7d71c68a0496957951b30674704959b9fc5d31020ab017a6aff673b12294f32	unknown	workshops
workshops	workshops-0090.webp	0248	063d869a6229136b4d988dab71710a6a4f2eaaaf72bd2d1e3da48b843cfe8b86	unknown	workshops
workshops	workshops-0091.webp	0249	52513441a9c3f78b38eea0cc690c33329360e7ce0281b1e32eec66e3243610bb	unknown	workshops
workshops	workshops-0092.webp	0250	e04886f1fdf17821d0eeee39868f3331cca7af866a912d983706871bcc593b41	unknown	workshops
workshops	workshops-0093.webp	0251	ff961e75021dc5fcd6f7f0af41cc7d2f0e8470bd1a714ad232bfbb77ee06d819	unknown	workshops
workshops	workshops-0094.webp	0252	558f3551e9ab71e71d4400579c9dc265e7a5e1ab8fac9442823c103505ad318e	unknown	workshops
workshops	workshops-0095.webp	0253	aacc449f6fa9adb9f066a3585a91a546432582bf0271ce08ab709fe6ad7ce5b2	unknown	workshops
workshops	workshops-0096.webp	0254	baa856789777698f60bdd48804b611138936e2fd0fd439d28db1c3d645e89111	unknown	workshops
workshops	workshops-0097.webp	0255	33de623dfe80bd5767976d985f30213fa684169bb111a29e58018f5bfc62ad51	unknown	workshops
workshops	workshops-0098.webp	0256	2142b8204725a8f3ae9441b11b184ecb01feefeefa9d6c0f302da4e78e6c0835	unknown	workshops
workshops	workshops-0099.webp	0257	1d73ef01945a9d8d5c67dee81a4e7a74dcabc524daa0e2ae2b4b7cf98d996f7b	unknown	workshops
workshops	workshops-0100.webp	0258	5e1fadd41b5467e8be57b938af9b22d268d6df57c02824612859e5654dd7f8fd	unknown	workshops
workshops	workshops-0101.webp	0259	de98309166b5b751034ba45a441b64fb138006b3799ed18b40a8d56d20d8abe9	unknown	workshops
workshops	workshops-0102.webp	0260	e2dc4507f3e8e8882252d3b5def12ef579a10a6aea79512117b9d26a957b479d	unknown	workshops
workshops	workshops-0103.webp	0261	f0464e648901521a55a6a336f5e9d7813547119fba4fa7cec3c2f2ee847bb0a8	unknown	workshops
workshops	workshops-0104.webp	0262	2885152fbc142ec5651a9ae86584f5de7b41c3f7cc1be1a7e2c82f23e90f3caf	unknown	workshops
workshops	workshops-0105.webp	0263	52a9cb1f5026a0c4ba770585490f0134ebf71eb178311f063d362cab5ae2ea56	unknown	workshops
workshops	workshops-0106.webp	0264	f691a14f8d5947b667aacfd666e07e98a6958f83c1152f143f892a208eb66f22	unknown	workshops
workshops	workshops-0107.webp	0265	d7662a8f52a81211945da924411728849f57c30699c2034a2a2089cf6cd6e141	unknown	workshops
drawings	drawings-0001.webp	0013	a397f4b4eb0eb0492813c84804b360ef7a3e912f2742df3e5e893b97ab7684ae	unknown	drawings
drawings	drawings-0002.webp	0014	2bccc920358a7513af715ec5b4b384e90b9b39688bcf5bd6187fc8d18bd7eb64	unknown	drawings
drawings	drawings-0003.webp	0015	8064f0701a0b7db4ea2133c50a821b0c367fc5fbb6d6a10f99c13d657b98ea94	unknown	drawings
drawings	drawings-0004.webp	0016	cb82d5c017bedad1819b75a9b0f2f1a019e2f41443f83ff229563748dc6998aa	unknown	drawings
drawings	drawings-0005.webp	0017	688c5f89ec781c31a46f56edfe85b9f99a4addcb1a267b1cf2795583e5a522b0	unknown	drawings
drawings	drawings-0006.webp	0018	366c877dd0ca31fda1294944bc9d4848e51567c27c28f9e7500826cab89c6dc6	unknown	drawings
drawings	drawings-0007.webp	0019	c3bcf9a612421af9b401455232cafde71824a4bdb093aa1184e26f5a2167e6e4	unknown	drawings
drawings	drawings-0008.webp	0020	a488ab03102bed33dd6ea90b1e4e278a94abbc19fe0c4ebd00eb7271146e8f60	unknown	drawings
drawings	drawings-0009.webp	0021	9b1017bbbd0d4055f9d10b0a2647ad1979e7a9df402a0d7047434bec23126943	unknown	drawings
drawings	drawings-0010.webp	0022	99ea7d32a16b91eb72e62410d963d7e09086f17fed55f16ab26ef8227a054c1b	unknown	drawings
drawings	drawings-0011.webp	0023	081c61248f9d7da0c13b8b9ba89e99a64098b92972589df119bb73967601053a	unknown	drawings
drawings	drawings-0012.webp	0024	d4e9bdcd2d488f07c6c589a1531fb8ba87a82052d9cba7b1090811d580eb4c6c	unknown	drawings
drawings	drawings-0013.webp	0025	f1edc1ee7b9228d233f9203ae02ab144ecf25a307b697cc7ee4bc7648b9476ca	unknown	drawings
drawings	drawings-0014.webp	0026	93fb63e08a0fe114b276e88b614dd362df957899f66b17ca64192b970af2ad94	unknown	drawings
drawings	drawings-0015.webp	0027	6fc55ba274e2b617d23dcdf3c48a8160e2ed9c5cb3f398898eff517cf571bcc6	unknown	drawings
drawings	drawings-0016.webp	0028	88ccd15f1fbf0d7dcfdf8fa3912c17cf73f3d7009c21e6892a09bf70b4878dfb	unknown	drawings
drawings	drawings-0017.webp	0029	7d9bd9f3b0970442cb5916c5fd0504897c6512cd5a24cad2c5ba4acb7892c2b7	unknown	drawings
drawings	drawings-0018.webp	0030	aaf7ddb9a3a82625da4dd5067c953645b58a26b272808303c27b4e98b51ca056	unknown	drawings
drawings	drawings-0019.webp	0031	b5c4433e90580c3e2300cf76d28594d4d2a2627028414e7fc0bffa26a345f069	unknown	drawings
drawings	drawings-0020.webp	0032	cbb6d43ebbe96bfba5530fabf2fe592ed97d7bb3a2b177892614c3f61ad91149	unknown	drawings
drawings	drawings-0021.webp	0033	6039e992e6665cee1ed4e8554306b2f1158b56a1514411f4115c86449c585213	unknown	drawings
drawings	drawings-0022.webp	0034	e05d3d29158823a07408b2fe2410a0211af2464cef7c93c255e22808619fc8ed	unknown	drawings
drawings	drawings-0023.webp	0035	114ca505aed021a4094d231080fa1df332f9b09c6a15dab7a7d26a64e52bb747	unknown	drawings
drawings	drawings-0024.webp	0036	42948792504d86da8fbe8134665302a15ecda5d63687f1a987f5468c81c7bd90	unknown	drawings
drawings	drawings-0025.webp	0037	1b55d1ecf33250f9b4979f500ce5de0504df0323f6b5aedc87bdf8c755c626cf	unknown	drawings
drawings	drawings-0026.webp	0038	25f0681aec36ae38ffaf776a599fcfd2a6ab4d778934acdc435a7bc598d32426	unknown	drawings
drawings	drawings-0027.webp	0095	59c10955558a0033e8ffbadc8a6d2d1a4d089ec88d789fee75feaaff6e872ea1	unknown	drawings
drawings	drawings-0028.webp	0096	792780ce14a5df86101a66f4768fa3aa37814b0d14beea337cbb2b22bb31042d	unknown	drawings
drawings	drawings-0029.webp	0097	7b1de1153068bb8326143792540b203747c99278dde7f07581a2e8a5d97d1e59	unknown	drawings
drawings	drawings-0030.webp	0098	fcd2e97c212fb77382012de6873a3ac3fc5330753a079ea9c7ad421e058900e2	unknown	drawings
drawings	drawings-0031.webp	0099	5ab81ae02406143d8457d98cb019b76fc52e9971560fcf575c3d74400464916f	unknown	drawings
drawings	drawings-0032.webp	0100	2134c0874b9076264c8b7e1f1adce518a0658c0ba90045be9b1ce662f40ff6c9	unknown	drawings
drawings	drawings-0033.webp	0101	4356aa8c18cc6cf8506f9ced89f1a405f41cbacf3639f32e743be352d41a1c9b	unknown	drawings
drawings	drawings-0034.webp	0102	46c44bb3b43da4e3a69b77ab6de2ffa73c0bcb2cc9965d00f17bb284318f8c96	unknown	drawings
drawings	drawings-0035.webp	0103	8623d074fe31a3feff9209d1d43c0628710b2d2eb683988cd2023bece4fa7586	unknown	drawings
drawings	drawings-0036.webp	0104	b1fe862c065edde24b7cee9a3945e5a2959573675b3fc0d8b7310f3a2a92ffbf	unknown	drawings
drawings	drawings-0037.webp	0105	9fd5c466e0621b55d8ddfd7d4c77607b2c9259f5455dfebc6aa19f2a5cc04d01	unknown	drawings
drawings	drawings-0038.webp	0106	ff032e10c184288a32d8b559e857d8ab5e7085b19e6d054b00af5e7e3b401911	unknown	drawings
drawings	drawings-0039.webp	0266	7734c78b5bfba9eee118691ce76573cd67e85e2a3f54ce0fdc61c857fa398478	unknown	drawings
drawings	drawings-0040.webp	0267	46826abed3adf3f053e6950046e9e0babea990d7075b5fc0ab2902221b003c1d	unknown	drawings
drawings	drawings-0041.webp	0268	8d129d12421848421c496947697ec553d7b0f66a9c02c1a6ec7bf27613a92342	unknown	drawings
drawings	drawings-0042.webp	0269	eefc8697eca9e7a95f0010873c2aa53b83cea6e483ed8adc7bc62c4a2f985938	unknown	drawings
drawings	drawings-0043.webp	0270	a1dabf7e145e1aeceb40fffae5fcedc040229f65d1598e69c2a993c8b997fda9	unknown	drawings
drawings	drawings-0044.webp	0271	4bb7109e4923971d82f9e1f03a9299d236abb0ba0ecfef882ea6eb77f57c5779	unknown	drawings
drawings	drawings-0045.webp	0272	7dd77215701aa0b639e39bd84ee7f9cd480cdf285615cea64f3c46e2cf618642	unknown	drawings
drawings	drawings-0046.webp	0273	ba6bafe9147a3d836f7676eb31596581d989dbfd55a4484256861505163ee8cd	unknown	drawings
drawings	drawings-0047.webp	0274	55d498511afe56b8ab9e7e68c4fadfd6069484b35062c548c5882ecd0cf7ce95	unknown	drawings
drawings	drawings-0048.webp	0275	40ab9332cf37315e580ac1cb917e15a36d41731bc4bba414c8a39ed23d0c4e6f	unknown	drawings
drawings	drawings-0049.webp	0276	bb279f776bea98824ba99b35969e21db4db87b1590a7fc591d001975c478b3eb	unknown	drawings
drawings	drawings-0050.webp	0277	8440b58e14e1c18979761d6a79d54f86420d8d9312c32bfd9a54fe37dc9cd76b	unknown	drawings
drawings	drawings-0051.webp	0278	5542c5ec0a173a071466c4e6040616787c3313250f9221f2b6c9657ae1db92d2	unknown	drawings
drawings	drawings-0052.webp	0279	2b6489d5866c499a25c84224e78249d12eb9707b41965fdf0ca49a16f1ef1eab	unknown	drawings
drawings	drawings-0053.webp	0280	de09a74a1363655ae13180fe8b99a33d02953e855b9c117d8b7de77a1a4477a1	unknown	drawings
drawings	drawings-0054.webp	0281	db28f912c350ffa4f957569ed26a9270d30fd25bd5e08166c89213f87fa1156d	unknown	drawings
drawings	drawings-0055.webp	0282	9c029606e0da0061ceb6406b134be0228953f1232606493899b3de1342824867	unknown	drawings
drawings	drawings-0056.webp	0283	061e5a0992681c8d0851604febdc77afeb817b81646206089a43c0a74d8c2536	unknown	drawings
drawings	extra-0057.webp	extra-229	cf08e7d2f29335d357b02c74000ada7e1b0a88733b752395e00bacb0b3e7f30c	unknown	Рисунок под живопись
drawings	extra-0058.webp	extra-230	f52eca3cef7196b9ab29e723b36b14d4d082b6271d4d4163e953951f453fb0f9	unknown	Рисунок под живопись
drawings	takeout-0293.webp	takeout-0293	d2af2a8d695f94d02a99eea64cb420dc76fae86fffdeef8ce85d59fa37b0e478	unknown	drawings
drawings	takeout-0894.webp	takeout-0894	4b91e40e452174a50b32330eba014a9a55a7ecffd73859eed7fbf02cfd42be49	unknown	drawings
works	extra-0054.webp	extra-220	890398fe27f256d17e333f482147b402b150888f3cbc61868fc5fdbc79b225c9	unknown	Копия фрески Италия 50 на 50 
works	extra-0055.webp	extra-221	dbb27ca8352bf9d5e28b0a43e47b1b0629418a14e7bbddf9b156f4a4b5c8fa4f	unknown	Мозы
works	extra-0056.webp	extra-222	448a9a33d4dcfc7f1dde8d3e34f9e7427def1282443315377167023316f0329f	unknown	Мозы
works	extra-0057.webp	extra-223	0cf0c7b652ededc1bc03a1eb9c3e3f469a6761b0ed4242dd4addf87654c8f4ff	unknown	Мозы
works	extra-0058.webp	extra-224	3e06e7466ddac73eac2ffd8431cff9012d4246df793b98bbf3bc9ceb13f7acf6	unknown	Мозы
works	extra-0059.webp	extra-225	493500d9299549da870794691570138727e6beacb88d7c85607dada493ff562c	unknown	Мозы
works	extra-0060.webp	extra-226	c66a0261591d9849238b818d821e11f372c18ce82a8f3df682cb0fe60a9e3469	unknown	Мозы
works	extra-0061.webp	extra-228	d1d4a48f9e01a42d049fddd5c8006ee06ff86a5a024d6d5ea21c252719a7abad	unknown	Мозы
works	extra-0062.webp	extra-231	f0cdc376bd68d3e9f856574be1f47d0ae15abfbc510474b0e56366b615d016bf	2007	Фото 2007 г.
works	extra-0063.webp	extra-232	049c4a4bc9094f54e21f57657f079b2e8875122732025f6c60bc5dfcdb0ae5a9	2007	Фото 2007 г.
works	extra-0064.webp	extra-233	80d47fc3aa50008aad26894edf89d6458218304f4a3fcccbda0e0711273951e0	2007	Фото 2007 г.
works	extra-0065.webp	extra-234	2fe809a1505694aca3b5fdce1b757683e9f75553033b2c4965d9165dc049668a	2007	Фото 2007 г.
works	extra-0066.webp	extra-235	98a07b3d62e1bc2eeb3cd2196b9406a3a7ea4579cf6d7a22acbffc8d4e7f4bec	2007	Фото 2007 г.
works	extra-0067.webp	extra-236	26c8a2e7edf37ec259f437d73273a8d07d0f3435bc360eb02d0fb0b5960770f6	2007	Фото 2007 г.
works	extra-0068.webp	extra-237	6df40da0437d846d2e106fb3b5bcc2883d23907444064422767ec82d942c9f6c	2007	Фото 2007 г.
works	extra-0069.webp	extra-238	21f3ea46a05ffd89d5209554f21c2867f95963b32c744c786d9bceeee07280ea	2007	Фото 2007 г.
works	extra-0070.webp	extra-239	21426e5c39f41bc35343993a4167b48e4a8352424cfa94afa548157b9905a9f9	2007	Фото 2007 г.
works	extra-0071.webp	extra-240	01c638d9beca8b986d7f7322e3254fb12f0e68b2efc67d6540c0f8d1bae79dc3	2007	Фото 2007 г.
works	extra-0072.webp	extra-241	32196d7d3b797442a879c3d0853aeba3afd7ff1a3bb686190dba8708b1802a7b	2007	Фото 2007 г.
works	extra-0073.webp	extra-242	9ee60dd9c5ed841c03d11a632cf5b799de2768aaf2b3b5d0e9974f7b84cc59dc	2007	Фото 2007 г.
works	extra-0074.webp	extra-243	803ecae1fe5b11145c37ea1be0049068aaf706b98f021cf16480df6594c360ac	2007	Фото 2007 г.
works	extra-0075.webp	extra-244	41a1b548666b93edb3627875077ab75f844cba6ef1f3b7a1c7437ae200b09da2	2007	Фото 2007 г.
works	extra-0076.webp	extra-245	c409f42fb458241be37f6d98d411b4d2dfb3a7e91695914e4f380d05adc3d887	2007	Фото 2007 г.
works	extra-0077.webp	extra-246	11cab3b3df5fd6985fbb94cf35fa4c8705912ea24ae1ee6f63a71a26f6378c38	2007	Фото 2007 г.
works	extra-0078.webp	extra-247	4fb11d968e9aea8bc7527f534218e6c381c33e1c9183fb9b34536c44790c0866	2007	Фото 2007 г.
works	extra-0079.webp	extra-248	24a9e475808fcfd6c0b54594b397647592ee324cadccac600b588d061c5192a8	2007	Фото 2007 г.
works	extra-0080.webp	extra-249	6e51802c336fb5448c06a97823a1bbe2907202148d9ee5fe72c8fea2b589cb69	2007	Фото 2007 г.
works	extra-0081.webp	extra-252	7979ea8d3f2b20d0741cca3ea2ac3193c5145585d46a11ac012647eb010c66b2	2007	Фото 2007 г.
works	extra-0082.webp	extra-254	3d71ecbf47eae9a493b305b0b889189ed77ad92a3afe6b8efeef2e32b0d6a412	2007	Фото 2007 г.
works	extra-0083.webp	extra-255	97477e39debae47ce0de701b534bae4275f0a8f5221647bf91d6c40555ff7be4	2007	Фото 2007 г.
works	extra-0084.webp	extra-256	12d0a26801a414354fc4a45599a8024a81d9e61b4447573ae39b46b67793c7dc	2007	Фото 2007 г.
works	extra-0085.webp	extra-257	b4249aeff9d4868a4349027d01c791d184ca73249da7c7904e660df98ed8801d	2007	Фото 2007 г.
works	extra-0086.webp	extra-258	b86b2c025b3044e0feccaf59d1520248b77927a79da27274a40299d373dd8c98	2007	Фото 2007 г.
works	extra-0087.webp	extra-259	f216a5ac99d527967ec0a410561f56c9cf4ab8d9b7a50798c9be51980f66d3c0	2007	Фото 2007 г.
works	extra-0088.webp	extra-260	fd16a247e33aa2dea0447690e6d6a9a06f8ac4c082384f64aaa2bb6ff4e667fe	2007	Фото 2007 г.
works	extra-0089.webp	extra-261	26ed0c18565591779ecaf8a1ecfa2e35637c9ec4804f39d501dc92dab22736d4	2007	Фото 2007 г.
works	extra-0090.webp	extra-262	7d36ae80facefd8a374b107124eb4e31da549f4f3a5c9fa68d2d9c5493322eaf	2007	Фото 2007 г.
works	extra-0091.webp	extra-266	e14a479a4e452fe01f2d765943d96773e2580afe0434e2394ce8f7bd2cbb4a11	2007	Фото 2007 г.
works	extra-0092.webp	extra-267	184fb89086c95812bf164d4eb596859f4dc1cce80fa88c9bc4d56c61aa42a7bf	2007	Фото 2007 г.
works	extra-0093.webp	extra-268	0b08eda0fd7837a620cff48d8e1ac0d3e4ac246b5f6c57d0ec0e0c68815b7c26	2007	Фото 2007 г.
works	extra-0094.webp	extra-269	8b61f41660acbbcc353352a71bda859770e5c75d31e9ba03ff6c23379ca4058b	2007	Фото 2007 г.
works	extra-0095.webp	extra-270	81b9c52e1dc4f79e1e21ca5765a907ec3f96a0a0e44e66925ebeb619e1af366f	2007	Фото 2007 г.
works	extra-0096.webp	extra-271	9c5a09123011d0c523e7e3c297c4e063cb02cb63df5079ef0df8a8648fa51e46	2007	Фото 2007 г.
works	extra-0097.webp	extra-274	063dde4aac45fb1078b4b2912f24138370d90d07b3521e596b08ec6465d2725e	2007	Фото 2007 г.
works	extra-0098.webp	extra-291	72cbd40bbf235f8355811eedd66fb1b7be6bcbb20d032ed93dcf88ec0e22e729	2007	Фото 2007 г.
works	extra-0099.webp	extra-292	c74855da303af024292e9e294ca47d14248c2ce230cae2ca2dd0bd74119bb9ba	2007	Фото 2007 г.
works	extra-0100.webp	extra-293	589b84ad784061d436a48332a81b6a8ac8bd134a3146a32d438d8a97d695d2c5	2007	Фото 2007 г.
works	extra-0101.webp	extra-294	025796602fe3e9cfdbe9d7d548daa760ab6aee8535c95d3e911a92a10455e3f6	2007	Фото 2007 г.
works	extra-0102.webp	extra-295	1b2168593985ac83f06106e31a6a1feaee15ecfb65e5c3a2dbaba81ef93751fd	2007	Фото 2007 г.
works	extra-0103.webp	extra-296	29d2ae96a1dec9502828d6cfb11b91a4fbe2d4fdbfbb5f5f875638cc6ee87655	2007	Фото 2007 г.
works	extra-0104.webp	extra-297	02ee734bc6de87e6e498904a093a490896c24789748e233a902a3fb3881de79c	2007	Фото 2007 г.
works	extra-0105.webp	extra-298	84254fb2eef32a4382cf21b29db5e27efd01c9e0940a895742b1910a29cb99aa	2007	Фото 2007 г.
works	extra-0106.webp	extra-299	7a9ac22cc41a7247a7c0427fef93090c54980c200892367054f038d1f85e655f	2007	Фото 2007 г.
works	extra-0107.webp	extra-300	5f9c16920b7ef736695a04a52b46b7e12d78944c3a2fad5d7245f0f69348863c	2007	Фото 2007 г.
works	extra-0108.webp	extra-301	b6c1928d8ae15ff01dd4e06aa3ec532cc5eed866045d413138ceb5a8dd2c10af	2007	Фото 2007 г.
works	extra-0109.webp	extra-302	1ffde60b193f7d3d18b0a81af59afb8e26b6881fb9227452dbc21f9cdd3402e7	2007	Фото 2007 г.
works	extra-0110.webp	extra-303	daa3197ab5afeacdad7eb9977ac7a97a01d0351b8334e106cd7ac6e1de8916a9	2007	Фото 2007 г.
works	extra-0111.webp	extra-304	825b6f7828fb0ce26810b4c429821569096e7251d722e678691a33fb147f763c	2007	Фото 2007 г.
works	extra-0112.webp	extra-305	25ac901b41b7e51a0ae0249243957f031e67b7c49084d3ecc78034dae983ee48	2007	Фото 2007 г.
works	extra-0113.webp	extra-306	c3f22a37b0f9194b970c99a362b7d2146257ecf7d3b10d3d19c7e37859553ff5	2007	Фото 2007 г.
works	extra-0114.webp	extra-307	51e2c2a6ec9703da6df12fd98d05e765f1a1d5e05d92de3ea181c166eb06f88b	2007	Фото 2007 г.
works	extra-0115.webp	extra-308	44eb74e550f108e80f9aecbb4db747eaa2a75676b26e5199b35e09418c33292b	2007	Фото 2007 г.
works	extra-0116.webp	extra-309	3029a369c2eaeb1beb38c2126b002980e76bd53f0cd469f6b6d53baadc1f33a4	2007	Фото 2007 г.
works	extra-0117.webp	extra-310	45d190d76ee16db36bae1a4c8fcbb497da059b1ee36277cb7d464529b491c702	2007	Фото 2007 г.
works	extra-0118.webp	extra-311	e5283f55fb0069b64f156bad144d2b1792aa9b3f46357bd39d546cc20eb80c6a	2007	Фото 2007 г.
works	extra-0119.webp	extra-312	e87fb554649c59579154cd5a616eed3d8e79e91eb51c3a02335368c132d9b8e6	2007	Фото 2007 г.
works	extra-0120.webp	extra-313	e55863d279cb72d2fd5cc04ddfa13c46dbda352c1994fb751f287e933a88ab6b	2007	Фото 2007 г.
works	extra-0121.webp	extra-314	138929ebe56b5483395ef3c00247b2471367691ffd904d0ce85c2e8fc569f0b8	2007	Фото 2007 г.
works	extra-0122.webp	extra-315	a998caa34660c3cdf1dfaf9f3583118a53c285e423eaf6df53e9ef65e64e61e5	2007	Фото 2007 г.
works	extra-0123.webp	extra-316	e832e32a1bd57ab062b03137c158eef1243e07fa91de7cefe96aee31f747c302	2007	Фото 2007 г.
works	extra-0124.webp	extra-317	a028d6b808ea6412d13c078b7cf0bddc086d6054b5e0981da52ed571fb70a450	2007	Фото 2007 г.
works	extra-0125.webp	extra-318	3e467d30b32270063ebf12b4093af1c9c105bbc9c90b224db38ca45923c08264	2007	Фото 2007 г.
works	extra-0126.webp	extra-319	977364c01010e3f37984bada338f49a447032fe033e9905c8ffe819086ea58b1	2007	Фото 2007 г.
works	extra-0127.webp	extra-320	a776dacacd224e6d7de9937eb8e7a6364c2606283c1414608a3d314f46baf10d	2007	Фото 2007 г.
works	extra-0128.webp	extra-321	6766a39190a4d96f738cb2fe0cb026b57b912ecd09f028bbe6d80bf02f68e6ae	2007	Фото 2007 г.
works	extra-0129.webp	extra-322	fa631124aceabffe15f54841c78ab3be2b2084d7ea13d066e167e7034a93059b	2007	Фото 2007 г.
works	extra-0130.webp	extra-323	039c59641fa125524b6d32e17cb070ef2ed715e9bde73a8d9e5ad6f486b82f69	2007	Фото 2007 г.
works	extra-0131.webp	extra-324	27154bcd729b12d865e7da0f8ccadb8e7912a486b2807c852e65be36865a70f8	2007	Фото 2007 г.
works	extra-0132.webp	extra-325	56cfe697eed7e2948a71283dcffd4251ec3315241a5c695ce7f7f57b7637da6b	2007	Фото 2007 г.
works	extra-0133.webp	extra-326	aa957d1d9412be440bb7301a998e69b2ce7abf090e1a34881e8de12c642bb396	2007	Фото 2007 г.
works	extra-0134.webp	extra-327	28f49f31b312b1707823bd6dc2e4deaa185487c04ddfae06cf84ec8a3b48268a	2007	Фото 2007 г.
works	extra-0135.webp	extra-328	95b0437b416a43f18c9baafd50b01713ecf9685606ab6f85da68702967706574	2007	Фото 2007 г.
works	extra-0136.webp	extra-329	718b2fd31add7a7970073639e7f0125bc96eb3cbd8dae90eeed523435034f00a	2007	Фото 2007 г.
works	extra-0137.webp	extra-330	454619bcce96b60179118a345d5013dd0961bd8405c867950675385f759fb831	2007	Фото 2007 г.
works	extra-0138.webp	extra-331	a06d3a2c7d9bc326e9980d69a9be0560d1872b22752bc1b96a0daa198db2a06f	2007	Фото 2007 г.
works	extra-0139.webp	extra-332	fa8ff98391cde14d7f29e4250576c422b8e21d7a834f95e2c248313d612fabb2	2007	Фото 2007 г.
works	extra-0140.webp	extra-333	de1fd1fbba3887ae2cec587c6b0e7a3dc27f03f4d4bf48b5679f4c2da76ccbdb	2007	Фото 2007 г.
works	extra-0141.webp	extra-334	1ea5469d0cbfc260cfe57596aa930394efdcb29a37becd52d5393baec0603a59	2007	Фото 2007 г.
works	extra-0142.webp	extra-335	172b1de49f018652e32be5cd3c9c85290c92ff68f4502877e49973a141f051e4	2007	Фото 2007 г.
works	extra-0143.webp	extra-336	47fa52c336b7147f603e3672c17a4fb6d8335ea83738888525dd7254d4d6da5d	2007	Фото 2007 г.
works	extra-0144.webp	extra-337	24c11eb45d8e41059bdd90b1146796d46cca3318f077c5cea2a7ca5bce5c2fa5	2007	Фото 2007 г.
works	extra-0145.webp	extra-338	7f0908d010470469819129b0087325f78410a320ed6b07c463b250ccdfc6d629	2007	Фото 2007 г.
works	extra-0146.webp	extra-339	cc015ed0a80ea5e7847212460e5fabe1225fbaca761f303e89bede7a72feb026	2007	Фото 2007 г.
works	extra-0147.webp	extra-340	263b7a10653221ce7be0fc006bbb2a4b7f9a7177be20b488ec331f6ebce41fe4	2007	Фото 2007 г.
works	extra-0148.webp	extra-341	0ec5941816977e80c2cfac265a4dba2ca201ef2404d17f4799cd3bb5eb64e446	2007	Фото 2007 г.
works	extra-0149.webp	extra-342	091d4e6abb408b72c6468ff5ed2ef48eb835fa14c0c58e29acc25f96cc6ff6ba	2007	Фото 2007 г.
works	extra-0150.webp	extra-343	2c7b360f1c61dd0021ed3dd8edf8a1a47a1dda7ed167051b4976c3ce9d4aa930	2007	Фото 2007 г.
works	extra-0151.webp	extra-344	61a34f403ae93b8066363c8014858ceba4a0f298c33c4e15960db001f631e4d2	2007	Фото 2007 г.
works	extra-0152.webp	extra-345	bc973a61d0ca87d16126a061fbc6e4a58c8d2ab68a9b7ecf7f075a225f57080f	2007	Фото 2007 г.
works	extra-0153.webp	extra-346	b28f14c8a1620013af6b399ed6b35dc836e7c4f85a5a82b896f8403ce8bc4631	2007	Фото 2007 г.
works	extra-0154.webp	extra-347	359e60ab41a0084edda6453504d6b9f912af6d79b93565074886db1db1b53333	2007	Фото 2007 г.
works	extra-0155.webp	extra-348	ce15b323e5e4954b6a95856a6255b1563c67f70539823e0142e92a56e6ad15ca	2007	Фото 2007 г.
works	extra-0156.webp	extra-349	8c93605332842824dc214ac062afd15b4682d6f40bb2dfe7291a7f2f6417b292	2007	Фото 2007 г.
works	extra-0157.webp	extra-350	47105163fbe33a1df94c358419dab8efda2f54facbbaa675e950ca246020b2cd	2007	Фото 2007 г.
works	extra-0158.webp	extra-351	79c6e58015af66c99d02843302f11421e82a74833a31e247d809782b83003b5c	2007	Фото 2007 г.
works	extra-0159.webp	extra-352	2bee7a8d5e241a6cf27df17201640f73360c6a57a313702a94779d91ee1abfd9	2007	Фото 2007 г.
works	extra-0160.webp	extra-353	9792b14b5172ab4fda87ded047f5490ed37e4eef2506cab285b05184bbffbac9	2007	Фото 2007 г.
works	extra-0161.webp	extra-354	557f04d3492732b91ade15f55402d31d69aa9bcd19febe1c2f1d821e19f282f0	2007	Фото 2007 г.
works	extra-0162.webp	extra-355	7fa0f578c155d20fe4233207987138b42aa81f2b73f79b446270b48c1a036297	2007	Фото 2007 г.
works	extra-0163.webp	extra-356	dbc414424636ccf2a3c5eb3ea049bd503d3824aae1c639a4e77765960c13a3ea	2007	Фото 2007 г.
works	extra-0164.webp	extra-357	80beceaa825e925d253b9ea52c3ef5b17b3a676fab08bbccb153adde81f67b35	2007	Фото 2007 г.
works	extra-0165.webp	extra-358	cb1ea80d6f479262b6a303709887d72766b5648d326b518740fa976669986a95	2007	Фото 2007 г.
works	extra-0166.webp	extra-359	cd0e365fe3f24e51d3a35bf4c46620bc17e1e4b82fcd2c3b5fd0dae4d25df302	2007	Фото 2007 г.
works	extra-0167.webp	extra-360	c94b47804f4fd432bbfea7257773581ace259cb0209e963223bff4e709b1a835	2007	Фото 2007 г.
works	extra-0168.webp	extra-361	198ced0a663ae7ebee081f1703691353ac835de7a87001e52722ab7c463cdcf7	2007	Фото 2007 г.
works	extra-0169.webp	extra-362	5aaaefedb4cfd78493eaf3951da6f463b68d57995d35ac06c1a67f9f4ac2529c	2007	Фото 2007 г.
works	extra-0170.webp	extra-363	73d40ae2c448c2294677cefc6a75c7b0f243c1952ec27db460de7228f51c6944	2007	Фото 2007 г.
works	extra-0171.webp	extra-364	e8ba76250d145e8522113ae1e977043dbf75500d2e6ca7af7eae9437e0a944ad	2007	Фото 2007 г.
works	extra-0172.webp	extra-365	fb8cd468dae7ce9bcb032702ab0f1c23881dbdde584b1f382b6aec73ded932f7	2007	Фото 2007 г.
works	extra-0173.webp	extra-366	fae6acdac2c06f1eebe6906948db15bc3f69efe5ab85bafb8e90b57906a2f554	2007	Фото 2007 г.
works	extra-0174.webp	extra-367	5077bdd052d37a20df3f2ea0e741eb28d31440dcc8cc77b1d6a1a249381d6230	2007	Фото 2007 г.
works	extra-0175.webp	extra-368	f4e86aed96ba11972d82d200bb187b549bb68f168ebbe6f997a103ad91d2ba29	2007	Фото 2007 г.
works	extra-0176.webp	extra-369	203d0f133c69b9c33f66e72c400c66dc0bc2afa1592b235c5d644f910e1255b1	2007	Фото 2007 г.
works	extra-0177.webp	extra-370	41e355c8781199a8d44b7c0d0b26aba71cc76738266d5482fb4c95921cd1fdcc	2007	Фото 2007 г.
works	extra-0178.webp	extra-371	18bbfa61e8a1fb24f169a5178bfe6f1f0290e991273d7cc8ccdd9caee2dc7821	2007	Фото 2007 г.
works	extra-0179.webp	extra-372	2e36f70e273c0831d673e8b32bac18429002ccb4b5dc68e875e7c2e286253dfd	2007	Фото 2007 г.
works	extra-0180.webp	extra-373	d3785fa90132ce5c4c4274294eef746e3059b59fb2ff80583fce8d4f13be0160	2007	Фото 2007 г.
works	extra-0181.webp	extra-374	a46cbc62586d0790db16ce98f789cffd0d77f8c7d329c34106f2919318c53fb7	2007	Фото 2007 г.
works	extra-0182.webp	extra-375	b8aecb86966ba237371fcea5c845df8d540bcab4605eaa054f6f8492853dd44c	2007	Фото 2007 г.
works	extra-0183.webp	extra-376	19a7dd5051ffd9bd745e35aa98fdd4a576b11097a6340230de77e4d9af1b80a6	2007	Фото 2007 г.
works	extra-0184.webp	extra-377	d1e7ef1270d81f82acbe0b4124405473e8a5173d033a94f7eddae6edfdb1cd2e	2007	Фото 2007 г.
works	extra-0185.webp	extra-378	c9b86c0f13b892a02c451af61f4bef86eb01956a25e48906613c40a4a5a55fc4	2007	Фото 2007 г.
works	extra-0186.webp	extra-379	0980550a4fd301af81d2aecb2a72bd0850b9285c81d4a0032ca55773f523dd1e	2007	Фото 2007 г.
works	extra-0187.webp	extra-380	5dc5f40b7a8d22e7d9ca584911842128923d2c45fd45570989df6be6376d4a7a	2007	Фото 2007 г.
works	extra-0188.webp	extra-381	b849a3bcf5b888d46b6f1c07850aa5b8b19ba78825faf5b776203d3678408d1d	2007	Фото 2007 г.
works	extra-0189.webp	extra-382	f10b183e985a96e8895a362435ff21448388d331475e5e074ea3545db2c10526	2007	Фото 2007 г.
works	extra-0190.webp	extra-383	c2e8061873ddaf82798f8a454d28fd53fd752594f306f43ba8b90a6b17d96719	2007	Фото 2007 г.
works	extra-0191.webp	extra-384	e9ce70f5bf1a1cb84e527836fd1d658d7aad8d9e5ae94aa54d765ef78d33fe1a	2007	Фото 2007 г.
works	extra-0192.webp	extra-385	46eaebb86a0f1d3601ae25501f87597c046191425b0ec101e8f915a1b3b5062a	2007	Фото 2007 г.
works	extra-0193.webp	extra-386	dddcc24827eaccfc92e68aacf8621b1e149d89d7d04e4bb79b8e9be5e60a891c	2007	Фото 2007 г.
works	extra-0194.webp	extra-387	9abfd69af6180afc62ab23af454f13c7ddde4e3e7810314fd839a15b1407428f	2007	Фото 2007 г.
works	extra-0195.webp	extra-388	f554c7c3dcf592f9e68227974d667dce37f2d957c46b1213a9d4ab14e8787a30	2007	Фото 2007 г.
works	extra-0196.webp	extra-389	b806a6b4155d09daeca43442a89c9aab4b998e1f5b6076470ff0246791d52c8a	2007	Фото 2007 г.
works	extra-0197.webp	extra-390	55a96357b1047d7dfc16bc0c5cd34a95a0f046013df761cd0282a0c52da0d460	2007	Фото 2007 г.
works	extra-0198.webp	extra-391	36d267c4ded9844df15df200675715c18f861b6dfccc4451c4fdeb22da8e3247	2007	Фото 2007 г.
works	extra-0199.webp	extra-392	ac7c3483fc2aa39529d393e9ff012f1dd28a290f7aff2ec6af8b2d0a784df9ba	2007	Фото 2007 г.
works	extra-0200.webp	extra-393	623d4375a89f520061e925a2fd2f2965ee6ed6c9d845050c832d57dd7dce256d	2007	Фото 2007 г.
works	extra-0201.webp	extra-394	7a22f609bc0eb797cc5621283816f03aefb73d7f31ccb1e5414a3fb042f0d2fb	2007	Фото 2007 г.
works	extra-0202.webp	extra-395	09daf0def9ee533735889a298af5785636d953bd5aae14b2e9e529ad949d3afd	2007	Фото 2007 г.
works	extra-0203.webp	extra-396	16db0dc725eb5c2e6c1bceff3195fe8925c8b37fb6ab8be017dab322ffe5e2af	2007	Фото 2007 г.
works	extra-0204.webp	extra-846	4b2de081565486586987ae9655d283155a763c38ddd0538480893ed96080da5a	unknown	мгхпа им.строгонова 
works	extra-0205.webp	extra-847	da9c8fbc7b0c37a466c8089f0b5dbe8af5984564f49ceefc4e2d1b4a626157dd	unknown	мгхпа им.строгонова 
works	takeout-0028.webp	takeout-0028	a577f6b4b627adb1dbdc23fca83d103a28a0161a71133254384cf755e860b384	unknown	works
works	takeout-0030.webp	takeout-0030	9424c05505ce9bc2176ad4a862bb2c68eb4a28c417ede0dcb19ca5dd5be71109	unknown	works
works	takeout-0032.webp	takeout-0032	534e985941579411b87c2a086d330fcd9a58a22035e934734d1884b12539ac79	unknown	works
works	takeout-0039.webp	takeout-0039	bcd1045bc7a334af43b9f184cfb3e8e2385184472834c80bd6f84e3b8c18e6be	unknown	works
works	takeout-0050.webp	takeout-0050	edf55483abaa1819fe76f65d404c7a8390f2cff49168dd6936ab13c4c45b5379	unknown	works
works	takeout-0054.webp	takeout-0054	17997edcda1fc25a7f8bd9eddf8befa551d760317c6d95b893bc22bf9e1ae61d	unknown	works
works	takeout-0068.webp	takeout-0068	eefb6de27dd9fde89efd6084a2bbda6c00c1b08d4f524bf930eb90149dc79cda	unknown	works
works	takeout-0078.webp	takeout-0078	c683c74db6bcf9b36eed2ce37e1253eccf151d94d0fd27a230fcd9443c108c96	unknown	works
works	takeout-0082.webp	takeout-0082	c88f58ae22796752cdd0e1495b66437b30d06c1a0aa12a44cf93458a4363665b	unknown	works
works	takeout-0087.webp	takeout-0087	0e7138eb439583632362f0fb8bdfd5ea4175b562fc759fc692dc9a8b4ab6fd5a	unknown	works
works	takeout-0105.webp	takeout-0105	f6a084c5fde4bed5094a03c20acc83570c7ef687066774110e39b5525ff6b29e	unknown	works
works	takeout-0107.webp	takeout-0107	1630083d6f79f80f3ef15ea166cd9faeb5dd2142a2c7e71219588e2a27aa4fde	unknown	works
works	takeout-0125.webp	takeout-0125	69e3a61ec12306a60afe8e4c9d6fbb9c400f1279cc2086b78b38a19232d67bde	unknown	works
works	takeout-0129.webp	takeout-0129	c4809e858caba83264a9ddf864b900720c45e6c2008c2dec0ae5659e6aeaaf95	unknown	works
works	takeout-0131.webp	takeout-0131	9e8a727d687710b33ef06937a0522583323be77307f255630c68cd687fe296b4	unknown	works
works	takeout-0140.webp	takeout-0140	fb46fe55667a5235b0e303b6b75ebee35f97c41367a3f22ef3e3f5d5d7f0bb06	unknown	works
works	takeout-0148.webp	takeout-0148	7fb2042181f9fbcc099550c3051e3dc48f74d868d87bdff4e677b806bc01b64f	unknown	works
works	takeout-0154.webp	takeout-0154	f7a62ffa4d5b9d26da59d691c4672cf91199a262dcbc655998ee4d68100b703b	unknown	works
works	takeout-0159.webp	takeout-0159	1af8ed0a099c266cf8d3d78b56ae4f9a052704bf5bbc3f77543c5336e8c9a1f1	unknown	works
works	takeout-0167.webp	takeout-0167	ebf93e733b192100c3c077d42a27d4b376dfc9238b99445210faee9b0edf454d	unknown	works
works	takeout-0174.webp	takeout-0174	53877d462d8fb543678f7899606c89fb685e70e1d96d1a25e61c921f1b4f99ff	unknown	works
works	takeout-0177.webp	takeout-0177	6f172c3bf87292ad73e8a1aa6bcce128a7f57f045843ec0c8a882a2277138519	unknown	works
works	takeout-0187.webp	takeout-0187	b7c2173ca6bbe16e92f3cc1c03e2b23422dbe5572b377b82bafe53fa815ec9a1	unknown	works
works	takeout-0194.webp	takeout-0194	13278ef05cdee9aaeef4f6d8e41669ed792578de0348362e0fdaef04547a1c8c	unknown	works
works	takeout-0197.webp	takeout-0197	384e6e436438891b8f00c87ee8000a33d8a319600f75e0adfa4b3c52174406c7	unknown	works
works	takeout-0205.webp	takeout-0205	d17e332a96af42e8eae9ec956943d87a19b16f2df6787704ff7fa4fe4210d653	unknown	works
works	takeout-0207.webp	takeout-0207	7b36f2af3abfbb35255a984fc970898b95977ea9296a2b3b67d064a4bd31174f	unknown	works
works	takeout-0213.webp	takeout-0213	fe690cb326be92acd9011ae8902e9fb43b9d174201335ae212dc6c2798d5a1d6	unknown	works
works	takeout-0216.webp	takeout-0216	a7a56c1f501c9fd9026ea31f7c530fd515b0d144e20256111e60092d70183af5	unknown	works
works	takeout-0217.webp	takeout-0217	22a7906f1bad0b78ab5c14fa87cfa8c7284de7c3200513ad1c10b91bc92d7a00	unknown	works
works	takeout-0220.webp	takeout-0220	18f09493462d3b7a18cbcfd93e65ddb4f57cadddfce26cbcf37ece7e2f35779a	unknown	works
works	takeout-0222.webp	takeout-0222	80978d819fcdb5d95698c5469fec68393ba94436dcdfa71a1fadd39d15d40bb8	unknown	works
works	takeout-0225.webp	takeout-0225	a8127af61222adc8b71c25f5ac6df890454d25b2bdbaa6a8cda123b58f937227	unknown	works
works	takeout-0226.webp	takeout-0226	1103a8286ff2cfa2ef5f118778b518407eac4384efc4862f84f08d22affea784	unknown	works
works	takeout-0233.webp	takeout-0233	7abb4eaebcd279c5db46c839c5807fe6aa6b788803457ed1fea68e51806d9296	unknown	works
works	takeout-0236.webp	takeout-0236	bc0bc0bc8cd4bf64b51fb7fdb4d2f13e319ee76ef5577684bdaecb12b011af46	unknown	works
works	takeout-0240.webp	takeout-0240	944af39335c5cd2d457ffd750224fe36e24b0770d0a18820a0028a52ab8d1582	unknown	works
works	takeout-0243.webp	takeout-0243	a291bd4c333c38b89a99d5faeb0ac9f469dc5e2a2628c17cc654dd108017b844	unknown	works
works	takeout-0250.webp	takeout-0250	e2e47cf38ef4e4a176d32c02b260f2c73c6f5a048da5ebac9d4e1fee2bea7030	unknown	works
works	takeout-0260.webp	takeout-0260	daccde16d697a4d38a4e0552421aba0a3f8d957197d4868d4303a00c09862ffb	unknown	works
works	takeout-0262.webp	takeout-0262	5f3cb93fd5ba8314b909f3a9e9379d35f3eaba3ee53af4ca6be5f0ce1e2c91f4	unknown	works
works	takeout-0271.webp	takeout-0271	6c9e3b2b9ac787bee67c0394892ebb05f828a6feea5a0c9c76603e99e0743d40	unknown	works
works	takeout-0280.webp	takeout-0280	cd9d128da8718674a87c054f39fb4f80974b861e045334c66ffff9cd7b9467fa	unknown	works
works	takeout-0281.webp	takeout-0281	24549ff0231f9dea5638601fd270899b96fccac87de14010876d188abb26eb73	unknown	works
works	takeout-0288.webp	takeout-0288	8a00e5977d2be33436eebaa4e3126507b62d0f9848c572ac11ae9b0d8ce48df3	unknown	works
works	takeout-0289.webp	takeout-0289	037fb144307bb911fe9f7d4968b503056e20c5cd81389fe92910726e5f1fdf57	unknown	works
works	takeout-0299.webp	takeout-0299	34ea39cb14c0a7b4536586757e71a14ae55a404c540fa7553b3847598c06cff3	unknown	works
works	takeout-0305.webp	takeout-0305	01ecc74504c3e629f363a472cbf87a1bfceec8899923ddfddf01bfe5533457ce	unknown	works
works	takeout-0310.webp	takeout-0310	64da8c1a74b7c8e5bf19bc809d2d948e5052239d0b3df53ccb46bf2732902b12	unknown	works
works	takeout-0335.webp	takeout-0335	5cf78357d5baacccbfc09db17f862a9aa0ca79ba980d5591de46a8bd2c35991e	unknown	works
works	takeout-0356.webp	takeout-0356	af82f50da15eb43f579939ca3598585a08907dd8f41f14931ceccd1b03927fab	unknown	works
works	takeout-0368.webp	takeout-0368	fb6fc5e972413c37760186f2921ed2bb2992dcec3fd4cec09e545c435a02af08	unknown	works
works	takeout-0377.webp	takeout-0377	07745d06792dbe5be37ae46038f30aba86ff90f0589c7d1be4243f5ac3aa400f	unknown	works
works	takeout-0378.webp	takeout-0378	2461746a0200bbe6258f683a1fb4fb9fc3cc11880ae675232d679e3c56eb4fb6	unknown	works
works	takeout-0380.webp	takeout-0380	f2fc08a7f22420d0d7bc6821f5b1ef2f4fcfe138bf29b888438bca8822aa3ca5	unknown	works
works	takeout-0389.webp	takeout-0389	14fb3503e6bb1de65320ea664536de3f1dc3620c842569e979f8ca2df21c86ec	unknown	works
works	takeout-0392.webp	takeout-0392	91ad504479cb40c91266cad478e0801b5089f53851de2e40a036415b393bef32	unknown	works
works	takeout-0395.webp	takeout-0395	57f15a72a5b964e35946a8941384791e940df78031cbc30e54bd78016b4e437a	unknown	works
works	takeout-0398.webp	takeout-0398	2b7b9502c0a22d7f6f8b562e3dfbd5252f46b7b8b08f43eb52f412299686624e	unknown	works
works	takeout-0407.webp	takeout-0407	452d7a0c5e203b0bdfd9fa811e7884076f724299f42c1d1474f53d06d980329a	unknown	works
works	takeout-0415.webp	takeout-0415	3bb2a49756d1a360796437e0aba22eaae7734904edd7e920f53dedbc551df376	unknown	works
works	takeout-0417.webp	takeout-0417	d139d5a8a9c0395538c2b71a7b7930a60beaf507dc9e7d13af7769df79a477c7	unknown	works
works	takeout-0426.webp	takeout-0426	f1e3a06a65ac9034826d045bac9ce8581baaede365433c269bf22cf275ae7f67	unknown	works
works	takeout-0442.webp	takeout-0442	1b70a46311a8089d478e838978d791238f997d41c525b1ae2578a21eedd61927	unknown	works
works	takeout-0446.webp	takeout-0446	04491d00f96c319d50a3f5a40b73ec97882edab42f65a2d251a8fdbba3dd32e7	unknown	works
works	takeout-0448.webp	takeout-0448	dfc31a1becc20b14bdcffb07787df47fd32d1853b52a34164d5c78d453854e40	unknown	works
works	takeout-0458.webp	takeout-0458	81b7501d03b5b152837c893cb15683c1ccb7cf384eeba17c9664bed8a972d911	unknown	works
works	takeout-0462.webp	takeout-0462	e0349daca10532f8cc5f222d208a8be293f0df0fa14a970bc62be68c2afa4cbc	unknown	works
works	takeout-0463.webp	takeout-0463	32218f049621eead66a23b2c18d3bb85be706d980f9baac356e9c25256820a6e	unknown	works
works	takeout-0465.webp	takeout-0465	52010ff0bd1f3d8732ef8aa904a0361361b0e6e30b0ecb8fd93ee75d65ded9ce	unknown	works
works	takeout-0467.webp	takeout-0467	da91d479d00fb41a7f459c47185cd41477b49871e080a912840d0165001b593a	unknown	works
works	takeout-0475.webp	takeout-0475	ddbb235820e2d1e88980954d9aa66775a7645d793fb9560cef2eed240ddbc401	unknown	works
works	takeout-0481.webp	takeout-0481	8862e06cbf2d970c00f5d3dc8cb5615f3b2667c0b9c2efcec49d246b3d2dceba	unknown	works
works	takeout-0489.webp	takeout-0489	213ae65bcf145d045e1c595b5579d5886815fd31306473f54dcd11f364c7c576	unknown	works
works	takeout-0499.webp	takeout-0499	f7a44de2a01ffe48d73b7b95f4ca8bc4f9cd500eb32097fa352f5c33042d49b3	unknown	works
works	takeout-0504.webp	takeout-0504	4395d452d19ee6adc4034c4b6778f83c6e3fe498eae9cfce4b3f0d2942e8d7d1	unknown	works
works	takeout-0507.webp	takeout-0507	8b4b65b90f179d3245222fdd4b54cff2b2909222d9ec4398dec56b19a13f0aee	unknown	works
works	takeout-0514.webp	takeout-0514	7a9818e2498fc3350e9f04fccb9239579a480af3fa7f34f284472e2becf30b9d	unknown	works
works	takeout-0516.webp	takeout-0516	5944edfda480d813c28ed01892f9faab654882b2f8ce913f5bfade052a4fc516	unknown	works
works	takeout-0535.webp	takeout-0535	6a7f261ba81476bd67b8c7a646045018435c3d60b1575f797f4ca783ca347739	unknown	works
works	takeout-0538.webp	takeout-0538	322a44217f04336b1da55a9922137b325a7f2e794ad818f5da566c73fafab9bb	unknown	works
works	takeout-0545.webp	takeout-0545	52da391526af01e2d59def26e0c167df500b4bde02615db22a943eb46b57b315	unknown	works
works	takeout-0559.webp	takeout-0559	ddd9e45916a0c855b505b18ffd0db9ae83b596d95c88828b3bbd688fa434afea	unknown	works
works	takeout-0573.webp	takeout-0573	dc3359e52f2bd13d8206a7b3e8ea24bafa92485220b8d8623c440b14494377f7	unknown	works
works	takeout-0584.webp	takeout-0584	9d3260dbee1bed33c80cfddb1e25ce9ae3534b857fb6a0f45e20589211da2ccc	unknown	works
works	takeout-0588.webp	takeout-0588	33385761795d36094e0d9cf2af1be0b53f61589d2234b392271a1f38a46c7cbe	unknown	works
works	takeout-0599.webp	takeout-0599	eb75fce0b0cce2e86d40b3090fc4f660f7e44d3eb0d1f9e88d5d99038e3e71c5	unknown	works
works	takeout-0601.webp	takeout-0601	5383eec11690b265b58a2bd319528aac8cf101f474d2b704e648b9704017979b	unknown	works
works	takeout-0609.webp	takeout-0609	d06434457437a13442597e76d3bfc18e57a65d0be67d2f1bdaec91261feaa561	unknown	works
works	takeout-0619.webp	takeout-0619	b8d8a7c4f69acdecf275ff6cb855db898b4a46983bff50dd19221e343b58fd35	unknown	works
works	takeout-0624.webp	takeout-0624	ae03870ef0f597e5b12211d16f0f191ec3daf3c35f3cff665da395ff132d6ff0	unknown	works
works	takeout-0627.webp	takeout-0627	05c4716a649c21fdd159e3fbbb42750bda8c38973943ec351b4f88944cb1b982	unknown	works
works	takeout-0637.webp	takeout-0637	5ec781ef88f80230bd80956facb717042a771bd5c737f08d65598a97b72ea703	unknown	works
works	takeout-0639.webp	takeout-0639	31ac294aeeab1e7602ac859446c05c697a91efebe884506f5430b76618d9f266	unknown	works
works	takeout-0640.webp	takeout-0640	fa361b91c42695db67f029dea0a9b6cca2991551c27f67ce1f8246866f0b5552	unknown	works
works	takeout-0646.webp	takeout-0646	32f065097c94fdcf9b316606601c492385fd4badd5fbd97a929e1d0b3a758291	unknown	works
works	takeout-0648.webp	takeout-0648	b569f77008e8467523fc19db7a7b52df59f3825608033cbcf06b956907635c44	unknown	works
works	takeout-0653.webp	takeout-0653	f3b2f8001c5ab82f963e8373dd35f6950ffb45a6b33836ea074d5e248776fd8d	unknown	works
works	takeout-0658.webp	takeout-0658	6b95fef9870be02be4ec89690f7c6fec87b8fce14168016e51b96a2beebfe431	unknown	works
works	takeout-0663.webp	takeout-0663	54c89f76d056b300fac537caca4ffc27ca18b71aa8284bdb8b98554712e4ba51	unknown	works
works	takeout-0681.webp	takeout-0681	3e2f4c3fe5e8af51cc17e4674e8364786c2d74b5abc6f84fab513939c1fec067	unknown	works
works	takeout-0699.webp	takeout-0699	4116806a0d83be9700fa951283f6607fb9d9fd6466570f937a292d54519c7e2c	unknown	works
works	takeout-0709.webp	takeout-0709	9ee07683e291117b3db69a41d737d90991dbf6c3038996f35c019f9921b8b236	unknown	works
works	takeout-0714.webp	takeout-0714	baafd2eae355adec5ddd57a51c32779da6d781162aa81135f60b4c9d960dc393	unknown	works
works	takeout-0723.webp	takeout-0723	2420aa7fe71013c2a2e69b2ff07f15338428a400c71a5d04d5967a414ca62c34	unknown	works
works	takeout-0731.webp	takeout-0731	00b3b8f0a2a1556d42b1aa768f4c78edcd241e319a6ab892ca6ff09b570ba02f	unknown	works
works	takeout-0743.webp	takeout-0743	735a6b367213f1c2e384472162b8532a919b5908855a43656dddfe00cb45a964	unknown	works
works	takeout-0749.webp	takeout-0749	5697c881891c57c9f2b4e0124c0120bcadde3ea790b48ec43ac9d20779e1dae0	unknown	works
works	takeout-0750.webp	takeout-0750	74520b8baad0276edfe19124695df7ec4e9fc38855e8492a1e4390fb5bb88f4b	unknown	works
works	takeout-0752.webp	takeout-0752	f4325382c309bd210388eb582e8ea1691179b949f07b9c2b256ca41ca25f4ab6	unknown	works
works	takeout-0761.webp	takeout-0761	b4ae100a98e5d0f774a6c1e84bb4b65dc41e3acb5f57d6b17428d8879ac6d214	unknown	works
works	takeout-0773.webp	takeout-0773	feafc0300e5d83f2f2d7d1f2d04b7f3e5b5bf0c4d746d7fe2fc0ac93ca3c3276	unknown	works
works	takeout-0774.webp	takeout-0774	0f6dc050e7a883c379abc8e145ac62a21fdae6e591739f2627c9505ce48e631f	unknown	works
works	takeout-0776.webp	takeout-0776	697d69199328f169a0437289fd87dd45819d1ef754b84ad20dd327c2057f09fd	unknown	works
works	takeout-0777.webp	takeout-0777	806db54ab706280d355e8421d27f56d4f6fec1823b03fb21d9d2bc1a511e00f7	unknown	works
works	takeout-0778.webp	takeout-0778	98f48df5463787cbc77d87c0be98f201bef9001e538f14dc3a181a84d2349d13	unknown	works
works	takeout-0788.webp	takeout-0788	140c1b7d6db6abc4df13aecd6ca389b6991ec9959e4b8f6f22acb3e1912ba4b3	unknown	works
works	takeout-0795.webp	takeout-0795	903b8122517a39c618926f910e9ad98a8db86ef9528ea32fb71b9adc086f1f43	unknown	works
works	takeout-0796.webp	takeout-0796	67d006987639e04df45017404ead4542893b8875b56d1bc6e10355e422f7b754	unknown	works
works	takeout-0802.webp	takeout-0802	daacc284863c73dbc57ede286bc37c3ee1c4a769af3b65957d1f98f8a8380745	unknown	works
works	takeout-0808.webp	takeout-0808	090ceb595d55f1bef40334e84115fa4f1d6365d9346470733452049c15dcd8c4	unknown	works
works	takeout-0821.webp	takeout-0821	58e5b63a447acf01196b04654ab11b674047949901fe8caeb833968bd48022f6	unknown	works
works	takeout-0838.webp	takeout-0838	3cdf46f0812c39d5889eac5e2038e8da5c6d6191d4fe707fedef2f565367f016	unknown	works
works	takeout-0857.webp	takeout-0857	dbb35aa0875a49e97dc160b0063fb63a72ca19c0294a74a7312e3e8d65917b1d	unknown	works
works	takeout-0875.webp	takeout-0875	967697ac07c3274eeb9658b7eaf75c8de183d655be611d3b1d1fd05536fdd92e	unknown	works
works	takeout-0877.webp	takeout-0877	5f0f41b639e29fdab7370dd9a1ecbdaebb3c644b9f22b0340ba7700fcfbe87ff	unknown	works
works	takeout-0882.webp	takeout-0882	b6afb2ec3244dd084576370f48073e6525744b237de89669b8e18ae95f93183b	unknown	works
works	takeout-0886.webp	takeout-0886	ec1c06e9ff99a68e216cff879b470ca6b872d77a11a11ceca05e659f8d22f259	unknown	works
works	takeout-0893.webp	takeout-0893	76089f87dec219b53b2b93f5ba0a08aa073c9896b3540ae91c4427d80b85f227	unknown	works
works	takeout-0896.webp	takeout-0896	c614f4e8ef842803d29fd6397e8ecb225c80fd6dc343c11c1c56be2775b9b2c9	unknown	works
works	takeout-0906.webp	takeout-0906	feb3798d4478b516eccf9355905013438a125c040326ad3463140f6f7f8fe3ba	unknown	works
works	takeout-0911.webp	takeout-0911	ca63b53da8668df933b12c5177038b85caea7223b12e3e602f652a5cd824f518	unknown	works
works	takeout-0919.webp	takeout-0919	b3f124158e249b0cf8bed8f5396729836690b35b808c0d836fc18392a50e6fdb	unknown	works
works	takeout-0925.webp	takeout-0925	5e7d82466cfec6e828340b555baa9cfe8a76ffede4a52356b65a44271c435d4c	unknown	works
works	takeout-0926.webp	takeout-0926	3aadc439316f3aaec411618c92f4d311fa6ffb33589b4625653dcaddb2743856	unknown	works
works	takeout-0929.webp	takeout-0929	9839fe93f28bde4c84cc2e08f6d273fe583485a845c3ef82a17ca574bccc5a9d	unknown	works
works	takeout-0931.webp	takeout-0931	dcf748ada42bd6fb2d4ff50d5c844c0fd7b30ee74e8f803d965929e4e6d9c158	unknown	works
works	takeout-0946.webp	takeout-0946	e19383da6882e9da758b1372f7cfaf20fe3f46d984616cf5f7fb44aa5defdff2	unknown	works
works	takeout-0948.webp	takeout-0948	2eb9d4698970ee46fcacf11d10a1b2ece92ad287db5fb4866a803ed60e49179b	unknown	works
works	takeout-0953.webp	takeout-0953	46f55b3e33e6b56ae8248880a9ab49f745fa9b42526388285eaf75778f4b4247	unknown	works
works	takeout-0964.webp	takeout-0964	eb66de69e5c296301d046723014f4c42258c0b7b709e93f7c1dfcc1f76648c0c	unknown	works
works	takeout-0966.webp	takeout-0966	d6a1abc19f80561c6d835b5ddd63ce3d7b465c44fed1b1179a99f322b900f481	unknown	works
works	takeout-0967.webp	takeout-0967	3f6b1e95eceb5376c8b84bbb6c29ca5abf4d7354dd10f5aed9f0c1912ef070d6	unknown	works
works	takeout-0971.webp	takeout-0971	2d92932991eb5e91fb79dc93ffeecc038553b59e23e35ff6fb731d934845ee30	unknown	works
works	takeout-0983.webp	takeout-0983	e34e18b8b51164ba2e3ef5af835026318e34f60d2171c7520d92fbd5e7bc3f4c	unknown	works
works	takeout-0997.webp	takeout-0997	1cd1f3e534b7897cd21b6b82902a1a2081d4a967ad4162197075c63f8a2f926d	unknown	works
works	takeout-1009.webp	takeout-1009	790ea5509e7c5adf90872c828c57713b58138daa00dc1904f0d6016de3b8efcc	unknown	works
works	takeout-1020.webp	takeout-1020	cbe70a74d73d05fb1bc4f52c3aadca39e2c59f980db1d9f9ace9b2186cee6f31	unknown	works
works	takeout-1023.webp	takeout-1023	5c0ef6fc914e6dcbd1f361536994c9a94d81e0fc2ca964c5fe864cdf032bebcc	unknown	works
works	takeout-1024.webp	takeout-1024	93f25d294c0faebcafabbaf3a4fc44c6c30d6ebe53feab6aa8f5bd12ea44fc68	unknown	works
works	takeout-1026.webp	takeout-1026	451faf80b130e4ba3c21bea08c685c927a3e9bc6dac484463942f44e5812faec	unknown	works
works	takeout-1040.webp	takeout-1040	5d75eac82664c9790762b2b25935c4d193a4ebaa01f6e1a17c6f89693754a2f3	unknown	works
works	takeout-1041.webp	takeout-1041	1ceaf52bed0952a85c9d5cef8a347c2a56e6727a4c8583356e015eeb019ced3b	unknown	works
works	takeout-1048.webp	takeout-1048	80a793635916e735f393ca5d0f265960c8dc95551f359e01d7d8065a8d1b6e18	unknown	works
works	takeout-1052.webp	takeout-1052	cee81cd124ba36d23a3c260b2a3c7023d737f1a3b5a3214fb5e5959915d48c76	unknown	works
works	takeout-1058.webp	takeout-1058	0d33a9dc1ab3e04af92f660c6f1f2a92f4ffe509da905cd18fdd3494be61e89b	unknown	works
works	takeout-1059.webp	takeout-1059	7db99ee0b9ef93e5afa44f830460ab95634688ebaf71daff3c12ba683ff284d4	unknown	works
works	takeout-1067.webp	takeout-1067	e89653e06cb9650401fd7cec5efe9476ab8005344e3c94e9e6f91e4fe3438cf9	unknown	works
works	takeout-1068.webp	takeout-1068	f70b4ad61bbd14e2173eb48d5ca27cd8c7ba808b4e5751a72ab112b1581d6e3d	unknown	works
works	works-0001.webp	0001	b5994840bcd24916d74cfc82b00db4d43f76bb0d7b125778ccf6252393dd6517	unknown	works
works	works-0002.webp	0002	6dcdacefc15218a8b0a7b774ab05f20c766198cce0cfde6d7516330f536da9ca	unknown	works
works	works-0003.webp	0003	2dc4e20b341699e364d963d0ed2503b5cc50bbc6d06d2e190a9192055e30f4ae	unknown	works
works	works-0004.webp	0005	1910d9df0a8b4b4bfdcaebe51e73c3c0447984bb251bf3994e3412bbc4525d42	unknown	works
works	works-0005.webp	0051	3ef2a869b2a23b1976ceb6abe48e97169f31d69464b6a1651bd09f6ef6db5d3c	unknown	works
works	works-0006.webp	0052	3fc1ed57b35fad82475651b4848b17d9601c1af8a4d7c1f88c78653aaf360c17	unknown	works
works	works-0007.webp	0053	9659050e7aeca92e13eda8c45421753f1ef936b47018a312c24fa07590da79c0	unknown	works
works	works-0008.webp	0054	6ec00a132e38ed548f414dbada323a8524d5a51c5daa151e1cd1fde81de82275	unknown	works
works	works-0009.webp	0055	6a4628848b5d1cae6de1c59f7681d097520aa1ab6ce3c19ae8bc87d3ea12b349	unknown	works
works	works-0010.webp	0056	c9105c848eae942346001e8b972c50fd896ff3eb6291d0db019bdbcac6037ddd	unknown	works
works	works-0011.webp	0057	4b2f1379ac10b520f5e65917266d32c5b7125c5fad7713d58b01cf6ca1067026	unknown	works
works	works-0012.webp	0058	87f55f88495d7a752ece3e827e18f2d5f989b1479774d2927bf9d4a5b4e70fd8	unknown	works
works	works-0013.webp	0059	71a2e9191a6541f2eff1bf96f019d9a353faa5be02c4d8a654b14b72a2472222	unknown	works
works	works-0014.webp	0113	f8297025ca4dd24d03ec2bf576a0131b70df78a185c6c944d27c040af28d6980	unknown	works
works	works-0015.webp	0114	4e6347484df01c6338405f5e39ef22cf560fa2ac1c7526ce02b3e8415da054c7	unknown	works
works	works-0016.webp	0115	508d662de830c594c1d14812b5881a5eac877a4447be8e285ec2932d1ca5b0a4	unknown	works
works	works-0017.webp	0116	257d60b0f9af5a9d2c678c328c28fb072a9a3ce8839a3f01aa39785757b87bf2	unknown	works
works	works-0018.webp	0117	8a4a78388eafe188e2ce4195abbe2c5d72a3256a64f15fd8d806163ba03363d6	unknown	works
works	works-0019.webp	0118	7fbdb708541f2e7bbf708d7d4f565b71b8b42c300e235d4516b1a28f4db70df0	unknown	works
works	works-0020.webp	0119	88eb51786e0e402a5a7da8a77beb3090b127e492ea444f28cc00460ec4550278	unknown	works
works	works-0021.webp	0120	86a56d74578cd8fcc8754623e8cdb951c8179646abba992108a575e1c6b7dbd4	unknown	works
works	works-0022.webp	0121	72be26268a04320e9efc0b4e856de456d939680dfbff0192abc83965737baf71	unknown	works
works	works-0023.webp	0122	caefdb750aa9af538376dabd327c9fa108cdc0a2c9c8eb36ef0311cd37b46a93	unknown	works
works	works-0024.webp	0123	c409ac55185556ccf3a76138a297fd8beb8ebfc3b4f1c693ba9c4290f512262c	unknown	works
works	works-0025.webp	0219	2cee4981361cb98f7b5f7a6bc844b109688bc901a768c91b71d4fe54fa61593a	unknown	works
works	works-0026.webp	0220	a5c17d6a425d927a14b0ebdd481f7d57650a3e73bd1c80a41cbc03c559aa7180	unknown	works
works	works-0027.webp	0221	b94f7f8a06e0e168a047ebe5da0f75a2930ec33d67c1db8827396df7a9decbe6	unknown	works
works	works-0028.webp	0222	3f7093339fa226ee2b6b06fd09a03969f403b12d243b257ed0a34b6acc5e826a	unknown	works
works	works-0029.webp	0223	7e361527456abdd66777147d8d60bae393a82c59e35910619600435080090fb2	unknown	works
works	works-0030.webp	0224	9895ac351372293890ecade833d342f4ec66ce43412554e267b0a236032db7fa	unknown	works
works	works-0031.webp	0225	d6177ac08b417a44d5f5920df6c23f8b02aa9b7f9cc75fa7af311716663ea883	unknown	works
works	works-0032.webp	0293	44078c6f9d96db62fad269f553528d251f010190b869734ac3331bacc6e02532	unknown	works
works	works-0033.webp	0294	8d1f79d0404129b1aa624731ed659665131898f26cccaa62ae75251a84e673cf	unknown	works
works	works-0034.webp	0295	e8e514e755c12531dadbdc8198d7ecabb9b518985ec4415c6871ab4873ca1176	unknown	works
works	works-0035.webp	0296	e7ee3a69ef9582f7a68d0c6e7d7f59dd01bc9d53064aa2ac8f8e93751a83a3bc	unknown	works
works	works-0036.webp	0297	e86a49e4a96b02ef749c558259b7b37053a16440638eb60ad85935850acee03c	unknown	works
works	works-0037.webp	0298	53e325894cd244112a79ffe18a273eb191afc1c8d355f864d82faba6668bc5dd	unknown	works
works	works-0038.webp	0299	6c025ad1129be37f1ace5f748b9a34d192ee3856344485b6c6bdbc24b523b732	unknown	works
works	works-0039.webp	0300	80713fc4ec441ab93528f84111b4977a29e30002c739f99299432c0da38427b7	unknown	works
works	works-0040.webp	0301	e540ba7c6a03d6c1838ed92a4d7790aff6fb3d5d224a8b3e28bba99a875f9f62	unknown	works
works	works-0041.webp	0302	440f7dcace5b4723aa3671366705518d2776352a1b97643c6b6a7ca257f5eeb9	unknown	works
works	works-0042.webp	0303	8c617720cc1ab73cbe352124e62c53d93c10b73a2df169b40cece7322cb70022	unknown	works
works	works-0043.webp	0304	159169adad76effe9e45daad425c0f12f72de15cfc87b5571b20d0344d1d04bb	unknown	works
works	works-0044.webp	0305	3fd1c78cca260c66f742ef31e6dfeaea022316bcb5d556f9c2be0d6a2ea6de41	unknown	works
works	works-0045.webp	0306	43fbc61d6dd280b224f96d6c0512a2ae1be21ed7e337bf69de02cfc4b353abc9	unknown	works
works	works-0046.webp	0307	ec81b4c53d7d63edede138f3b1bede141c8644615cd36a1cc873e86bc1d2e139	unknown	works
works	works-0047.webp	0309	452a4c841bd6815b190fdd8218711eb71205c374dd61ac58f2737e5981a74183	unknown	works
works	works-0048.webp	0310	6b9ac126aaf862a0ed801517efaeae072c780de6ec33b415708fe5e7f0351147	unknown	works
works	works-0049.webp	0311	64ed35e398147e4f2983cfe77075e2dacb29a9af913fc7ba0a924f1bb19c9f20	unknown	works
works	works-0050.webp	0312	e615cf7d22a3032187841bd3bb93320bad30eac3f0c55482cf82a0fc82ffd3eb	unknown	works
works	works-0051.webp	0313	7c881eb5066c3974937f6056b2a3a796952f6f2f3bbfff093e7572b73e3b8fe9	unknown	works
works	works-0052.webp	0314	4c67036121e09aa71e70455f872165d0825dc72de4c839ce1f0f2dbe7de425c2	unknown	works
works	works-0053.webp	0315	2ebbd94d4e9175278d5da76ab6238fe2287b23f4db8aab87d87ff09eefd6f266	unknown	works
